slug,name,city,country,brand,status,current_url
fairmont-empress-canada,Fairmont Empress,Victoria,Canada,Accor,404,https://media.virtuoso.com/m/Images/Brochures/4303_2_0_0313.jpg
fairmont-la-marina-rabat-sal-hotel-and-residences-morocco,Fairmont La Marina Rabat Salé Hotel And Residences,Salé,Morocco,Accor,NULL,
fairmont-miramar-hotel-bungalows-united-states,Fairmont Miramar Hotel & Bungalows,Santa Monica,United States,Accor,404,https://media.virtuoso.com/m/Images/Brochures/5818858_2_0_0313.jpg
fairmont-mount-kenya-safari-club-kenya,Fairmont Mount Kenya Safari Club,Nanyuki,Kenya,Accor,404,https://media.virtuoso.com/m/Images/Brochures/6742524_2_0_0315.jpg
fairmont-orchid-united-states,Fairmont Orchid,Kohala Coast,United States,Accor,404,https://media.virtuoso.com/m/Images/Brochures/4383_2_0_0226.jpg
fairmont-pacific-rim-canada,Fairmont Pacific Rim,Vancouver,Canada,Accor,404,https://media.virtuoso.com/m/Images/Brochures/5940549_2_25_0313.jpg
fairmont-royal-pavilion-barbados,Fairmont Royal Pavilion,Porters,Barbados,Accor,404,https://media.virtuoso.com/m/Images/Brochures/15739548_2_2_0310.jpg
fairmont-southampton-bermuda,Fairmont Southampton,Southampton,Bermuda,Accor,NULL,
fairmont-tazi-palace-tangier-morocco,Fairmont Tazi Palace Tangier,Tangier,Morocco,Accor,404,https://media.virtuoso.com/m/Images/Brochures/16780964_2_0_0315.jpg
fairmont-the-norfolk-kenya,Fairmont The Norfolk,Nairobi,Kenya,Accor,404,https://media.virtuoso.com/m/Images/Brochures/4751908_2_0_0313.jpg
fairmont-the-queen-elizabeth-canada,Fairmont The Queen Elizabeth,Montreal,Canada,Accor,404,https://media.virtuoso.com/m/Images/Brochures/4667_2_0_0312.jpg
fairmont-waterfront-canada,Fairmont Waterfront,Vancouver,Canada,Accor,404,https://media.virtuoso.com/m/Images/Brochures/4297_2_0_0310.jpg
hotel-de-la-cit-carcassonne-mgallery-collection-france,Hotel de la Cité Carcassonne – MGallery Collection,Carcassonne,France,Accor,404,https://media.virtuoso.com/m/Images/Brochures/4462_2_0_0311.jpg
lucknam-park-emblems-collection-united-kingdom,"Lucknam Park, Emblems Collection",Bath,United Kingdom,Accor,404,https://media.virtuoso.com/m/Images/Brochures/4651_2_12_0314.jpg
raffles-boston-united-states,Raffles Boston,Boston,United States,Accor,404,https://media.virtuoso.com/m/Images/Brochures/16508159_2_0_0308.jpg
raffles-dubai-united-arab-emirates,Raffles Dubai,Dubai,United Arab Emirates,Accor,404,https://media.virtuoso.com/m/Images/Brochures/11275367_2_0_0228.jpg
raffles-makati-philippines,Raffles Makati,Makati,Philippines,Accor,404,https://media.virtuoso.com/m/Images/Brochures/14363642_2_0_0305.jpg
so-auckland-new-zealand,SO/ Auckland,Auckland,New Zealand,Accor,404,https://media.virtuoso.com/m/Images/Brochures/15991908_2_3_0227.jpg
so-berlin-das-stue-germany,SO/ Berlin Das Stue,Berlin,Germany,Accor,404,https://media.virtuoso.com/m/Images/Brochures/14853603_2_13_0322.jpg
sofitel-chicago-magnificent-mile-united-states,Sofitel Chicago Magnificent Mile,Chicago,United States,Accor,404,https://media.virtuoso.com/m/Images/Brochures/4601_2_0_0312.jpg
sofitel-kia-ora-moorea-beach-resort-french-polynesia,Sofitel Kia Ora Moorea Beach Resort,Moorea,French Polynesia,Accor,404,https://media.virtuoso.com/m/Images/Brochures/16395455_2_0_0308.jpg
sofitel-mexico-city-reforma-mexico,Sofitel Mexico City Reforma,Mexico City,Mexico,Accor,404,https://media.virtuoso.com/m/Images/Brochures/15996396_2_0_0227.jpg
the-fairmont-chateau-lake-louise-canada,The Fairmont Chateau Lake Louise,Lake Louise,Canada,Accor,404,https://media.virtuoso.com/m/Images/Brochures/4580_2_0_0311.jpg
the-fairmont-chateau-whistler-canada,The Fairmont Chateau Whistler,Whistler,Canada,Accor,404,https://media.virtuoso.com/m/Images/Brochures/4466_2_7_0311.jpg
airelles-saint-tropez-chateau-de-la-messardiere-france,"Airelles Saint Tropez, Chateau de la Messardiere",St. Tropez,France,Airelles,404,https://media.virtuoso.com/m/Images/Brochures/12648149_2_0_0225.jpg
airelles-saint-tropez-pan-dei-palais-france,"Airelles Saint-Tropez, Pan Dei Palais",St. Tropez,France,Airelles,404,https://media.virtuoso.com/m/Images/Brochures/3628804_2_0_0310.jpg
airelles-val-disere-france,"Airelles, Val d'Isere",Val-d'isere,France,Airelles,404,https://media.virtuoso.com/m/Images/Brochures/16117106_2_0_0225.jpg
aman-kyoto-japan,Aman Kyoto,Kyoto,Japan,Aman,404,https://media.virtuoso.com/m/Images/Brochures/16117108_2_0_0228.jpg
aman-new-york-united-states,Aman New York,New York City,United States,Aman,404,https://media.virtuoso.com/m/Images/Brochures/16625092_2_0_0224.jpg
aman-venice-italy,Aman Venice,Venice,Italy,Aman,404,https://media.virtuoso.com/m/Images/Brochures/12608627_2_0_0224.jpg
amanbagh-india,Amanbagh,Alwar,India,Aman,404,https://media.virtuoso.com/m/Images/Brochures/4661_2_0_0228.jpg
amandari-indonesia,Amandari,Ubud,Indonesia,Aman,404,https://media.virtuoso.com/m/Images/Brochures/3745_2_0_0228.jpg
amanemu-japan,Amanemu,Shima,Japan,Aman,404,https://media.virtuoso.com/m/Images/Brochures/15459609_2_0_0224.jpg
amanera-dominican-republic,Amanera,Río San Juan,Dominican Republic,Aman,404,https://media.virtuoso.com/m/Images/Brochures/15368206_2_0_0224.jpg
amangani-united-states,Amangani,Jackson,United States,Aman,404,https://media.virtuoso.com/m/Images/Brochures/4476_2_0_0228.jpg
amangiri-united-states,Amangiri,Canyon Point at Lake Powell,United States,Aman,404,https://media.virtuoso.com/m/Images/Brochures/955125_2_0_0224.jpg
amanjena-morocco,Amanjena,Marrakech,Morocco,Aman,404,https://media.virtuoso.com/m/Images/Brochures/3865_2_0_0228.jpg
amanjiwo-indonesia,Amanjiwo,Magelang,Indonesia,Aman,404,https://media.virtuoso.com/m/Images/Brochures/4496_2_0_0224.jpg
amanoi-vietnam,Amanoi,Khánh Hòa,Vietnam,Aman,404,https://media.virtuoso.com/m/Images/Brochures/12937977_2_0_0224.jpg
amanpulo-philippines,Amanpulo,Palawan,Philippines,Aman,404,https://media.virtuoso.com/m/Images/Brochures/4443_2_0_0224.jpg
amantaka-laos,Amantaka,Luang Prabang,Laos,Aman,404,https://media.virtuoso.com/m/Images/Brochures/592080_2_0_0224.jpg
amanwella-sri-lanka,Amanwella,Tangalle,Sri Lanka,Aman,404,https://media.virtuoso.com/m/Images/Brochures/4648_2_0_0224.jpg
amanyara-turks-and-caicos-islands,Amanyara,Providenciales,Turks And Caicos Islands,Aman,404,https://media.virtuoso.com/m/Images/Brochures/4353_2_0_0224.jpg
domaine-des-etangs-auberge-collection-france,"Domaine des Etangs, Auberge Collection",Massignac,France,Auberge Collection,404,https://media.virtuoso.com/m/Images/Brochures/15659689_2_97_0223.jpg
madeline-hotel-residences-auberge-collection-united-states,"Madeline Hotel & Residences, Auberge Collection",Telluride,United States,Auberge Collection,404,https://media.virtuoso.com/m/Images/Brochures/1960798_2_18_0313.jpg
the-woodward-auberge-collection-switzerland,"The Woodward, Auberge Collection",Geneva,Switzerland,Auberge Collection,404,https://media.virtuoso.com/m/Images/Brochures/16259174_2_1_0314.jpg
wildflower-farms-auberge-collection-united-states,"Wildflower Farms, Auberge Collection",Gardiner,United States,Auberge Collection,404,https://media.virtuoso.com/m/Images/Brochures/16477758_2_0_0312.jpg
awasi-iguazu-relais-chateaux-argentina,Awasi Iguazu Relais & Chateaux,Puerto Iguazú,Argentina,Awasi Lodges,404,https://media.virtuoso.com/m/Images/Brochures/18268505_2_0_0225.jpg
awasi-patagonia-relais-chateaux-chile,Awasi Patagonia Relais & Chateaux,Torres del Paine National Park,Chile,Awasi Lodges,404,https://media.virtuoso.com/m/Images/Brochures/18251115_2_0_0225.jpg
awasi-santa-catarina-relais-chateaux-brazil,Awasi Santa Catarina Relais & Chateaux,Governador Celso Ramos,Brazil,Awasi Lodges,404,https://media.virtuoso.com/m/Images/Brochures/3733_2_0_0316.jpg
baglioni-hotel-luna-italy,Baglioni Hotel Luna,Venice,Italy,Baglioni Hotels Collection,404,https://media.virtuoso.com/m/Images/Brochures/4005_2_0_0306.jpg
baglioni-hotel-regina-italy,Baglioni Hotel Regina,Rome,Italy,Baglioni Hotels Collection,404,https://media.virtuoso.com/m/Images/Brochures/4372_2_0_0310.jpg
banyan-tree-alula-saudi-arabia,Banyan Tree AlUla,AlUla,Saudi Arabia,Banyan Group,404,https://media.virtuoso.com/m/Images/Brochures/16728265_2_0_0305.jpg
buahan-a-banyan-tree-escape-indonesia,"Buahan, A Banyan Tree Escape",Ubud,Indonesia,Banyan Group,404,https://media.virtuoso.com/m/Images/Brochures/16268178_2_18_0303.jpg
hotel-barriere-le-grand-hotel-dinard-france,Hotel Barriere Le Grand Hotel Dinard,Dinard,France,Barriere Collection,404,https://media.virtuoso.com/m/Images/Brochures/17903420_2_0_0301.jpg
htel-barrire-le-majestic-cannes-france,Hôtel Barrière Le Majestic Cannes,Cannes,France,Barriere Collection,404,https://media.virtuoso.com/m/Images/Brochures/5805120_2_0_0222.jpg
caruso-a-belmond-hotel-amalfi-coast-italy,"Caruso, A Belmond Hotel, Amalfi Coast",Ravello,Italy,Belmond,404,https://media.virtuoso.com/m/Images/Brochures/4565_2_0_0302.jpg
copacabana-palace-a-belmond-hotel-rio-de-janeiro-brazil,"Copacabana Palace, A Belmond Hotel, Rio de Janeiro",Rio De Janeiro,Brazil,Belmond,404,https://media.virtuoso.com/m/Images/Brochures/3824_2_1_0303.jpg
grand-hotel-timeo-a-belmond-hotel-taormina-italy,"Grand Hotel Timeo, A Belmond Hotel, Taormina",Taormina,Italy,Belmond,404,https://media.virtuoso.com/m/Images/Brochures/3848_2_0_0306.jpg
la-samanna-a-belmond-hotel-st-martin-saint-martin,"La Samanna, A Belmond Hotel, St Martin",Baie Longue,Saint Martin,Belmond,404,https://media.virtuoso.com/m/Images/Brochures/4276_2_151_0309.jpg
le-manoir-aux-quatsaisons-a-belmond-hotel-oxfordshire-united-kingdom,"Le Manoir aux Quat'Saisons, A Belmond Hotel, Oxfordshire",Oxford,United Kingdom,Belmond,404,https://media.virtuoso.com/m/Images/Brochures/2781_2_3_0225.jpg
rio-sagrado-a-belmond-hotel-sacred-valley-peru,"Rio Sagrado, A Belmond Hotel, Sacred Valley",Sacred Valley,Peru,Belmond,404,https://media.virtuoso.com/m/Images/Brochures/6160141_2_0_0314.jpg
splendido-a-belmond-hotel-portofino-italy,"Splendido, A Belmond Hotel, Portofino",Portofino,Italy,Belmond,404,https://media.virtuoso.com/m/Images/Brochures/4595_2_1_0302.jpg
villa-santandrea-a-belmond-hotel-taormina-mare-italy,"Villa Sant'Andrea, A Belmond Hotel, Taormina Mare",Taormina,Italy,Belmond,404,https://media.virtuoso.com/m/Images/Brochures/5735143_2_0_0308.jpg
burgenstock-hotel-and-alpine-spa-switzerland,Burgenstock Hotel and Alpine Spa,"Lake Lucerne, Switzerland",Switzerland,Burgenstock Collection,404,https://media.virtuoso.com/m/Images/Brochures/15603496_2_0_0314.jpg
como-maalifushi-maldives,COMO Maalifushi,"Guraidhoo,Thaa Atoll",Maldives,COMO Hotels and Resorts,404,https://media.virtuoso.com/m/Images/Brochures/15810878_2_0_0224.jpg
capella-sydney-australia,Capella Sydney,Sydney,Australia,Capella Hotel Group,404,https://media.virtuoso.com/m/Images/Brochures/16562779_2_0_0309.jpg
patina-osaka-japan,Patina Osaka,Osaka,Japan,Capella Hotel Group,404,https://media.virtuoso.com/m/Images/Brochures/18391398_2_0_0311.jpg
cheval-blanc-courchevel-france,Cheval Blanc Courchevel,Courchevel,France,Cheval Blanc by LVMH Hotel Management,404,https://media.virtuoso.com/m/Images/Brochures/11332534_2_2_0304.jpg
cheval-blanc-paris-france,Cheval Blanc Paris,Paris,France,Cheval Blanc by LVMH Hotel Management,404,https://media.virtuoso.com/m/Images/Brochures/15873973_2_0_0225.jpg
cheval-blanc-randheli-maldives-maldives,"Cheval Blanc Randheli, Maldives",Randheli,Maldives,Cheval Blanc by LVMH Hotel Management,404,https://media.virtuoso.com/m/Images/Brochures/14139791_2_0_0321.jpg
cheval-blanc-st-barth-saint-barthlemy,Cheval Blanc St-Barth,Saint Barthelemy,Saint Barthélemy,Cheval Blanc by LVMH Hotel Management,404,https://media.virtuoso.com/m/Images/Brochures/4518_2_0_0311.jpg
hotel-pitrizza-italy,Hotel Pitrizza,Porto Cervo,Italy,Cheval Blanc by LVMH Hotel Management,404,https://media.virtuoso.com/m/Images/Brochures/4351_2_0_0310.jpg
bungalows-at-the-boca-raton-united-states,Bungalows at The Boca Raton,Boca Raton,United States,Cloister at The Boca Raton,404,https://media.virtuoso.com/m/Images/Brochures/16471248_2_0_0226.jpg
explora-patagonia-national-park-chile,Explora Patagonia National Park,Cochrane,Chile,Explora,404,https://media.virtuoso.com/m/Images/Brochures/16423054_2_0_0315.jpg
explora-uyuni-bolivia,Explora Uyuni,Uyuni,Bolivia,Explora,404,https://media.virtuoso.com/m/Images/Brochures/16641084_2_25_0311.jpg
fasano-punta-del-este-uruguay,Fasano Punta del Este,La Barra,Uruguay,Fasano Hotels,404,https://media.virtuoso.com/m/Images/Brochures/6563083_2_0_0314.jpg
hotel-fasano-angra-dos-reis-brazil,Hotel Fasano Angra dos Reis,Angra Dos Reis,Brazil,Fasano Hotels,404,https://media.virtuoso.com/m/Images/Brochures/15768837_2_0_0223.jpg
hotel-fasano-sao-paulo-itaim-brazil,Hotel Fasano Sao Paulo Itaim,Sao Paulo,Brazil,Fasano Hotels,404,https://media.virtuoso.com/m/Images/Brochures/16769756_2_0_0315.jpg
hotel-fasano-trancoso-brazil,Hotel Fasano Trancoso,Trancoso,Brazil,Fasano Hotels,404,https://media.virtuoso.com/m/Images/Brochures/16423050_2_0_0305.jpg
four-seasons-hotel-cairo-at-nile-plaza-egypt,Four Seasons Hotel Cairo at Nile Plaza,Cairo,Egypt,Four Seasons Hotels and Resorts,404,https://media.virtuoso.com/m/Images/Brochures/4242_2_0_0316.jpg
four-seasons-hotel-cairo-at-the-first-residence-egypt,"Four Seasons Hotel Cairo, at The First Residence",Cairo,Egypt,Four Seasons Hotels and Resorts,404,https://media.virtuoso.com/m/Images/Brochures/4198_2_0_0309.jpg
four-seasons-hotel-chicago-united-states,Four Seasons Hotel Chicago,Chicago,United States,Four Seasons Hotels and Resorts,404,https://media.virtuoso.com/m/Images/Brochures/4308565_2_5_0313.jpg
four-seasons-hotel-hangzhou-at-west-lake-china,Four Seasons Hotel Hangzhou at West Lake,Hangzhou,China,Four Seasons Hotels and Resorts,404,https://media.virtuoso.com/m/Images/Brochures/16157922_2_0_0225.jpg
four-seasons-hotel-istanbul-at-the-bosphorus-turkey,Four Seasons Hotel Istanbul at the Bosphorus,Istanbul,Turkey,Four Seasons Hotels and Resorts,404,https://media.virtuoso.com/m/Images/Brochures/3921_2_0_0304.jpg
four-seasons-hotel-milano-italy,Four Seasons Hotel Milano,Milan,Italy,Four Seasons Hotels and Resorts,404,https://media.virtuoso.com/m/Images/Brochures/4330_2_0_0310.jpg
four-seasons-hotel-san-francisco-at-embarcadero-united-states,Four Seasons Hotel San Francisco at Embarcadero,San Francisco,United States,Four Seasons Hotels and Resorts,404,https://media.virtuoso.com/m/Images/Brochures/3884_2_0_0304.jpg
four-seasons-hotel-at-the-surf-club-united-states,Four Seasons Hotel at The Surf Club,Surfside,United States,Four Seasons Hotels and Resorts,404,https://media.virtuoso.com/m/Images/Brochures/15745055_2_5_0306.jpg
four-seasons-resort-bora-bora-french-polynesia,Four Seasons Resort Bora Bora,Bora Bora,French Polynesia,Four Seasons Hotels and Resorts,404,https://media.virtuoso.com/m/Images/Brochures/3913_2_0_0228.jpg
four-seasons-resort-megeve-france,Four Seasons Resort Megeve,Megève,France,Four Seasons Hotels and Resorts,404,https://media.virtuoso.com/m/Images/Brochures/15665514_2_0_0223.jpg
four-seasons-resort-the-nam-hai-hoi-an-vietnam-vietnam,"Four Seasons Resort The Nam Hai, Hoi An, Vietnam",Da Nang,Vietnam,Four Seasons Hotels and Resorts,404,https://media.virtuoso.com/m/Images/Brochures/4534_2_0_0311.jpg
four-seasons-resort-vail-united-states,Four Seasons Resort Vail,Vail,United States,Four Seasons Hotels and Resorts,404,https://media.virtuoso.com/m/Images/Brochures/6087929_2_0_0224.jpg
the-ocean-club-a-four-seasons-resort-bahamas-bahamas,"The Ocean Club, A Four Seasons Resort, Bahamas",Nassau,Bahamas,Four Seasons Hotels and Resorts,404,https://media.virtuoso.com/m/Images/Brochures/4271_2_0_0306.jpg
grand-velas-los-cabos-mexico,Grand Velas Los Cabos,Cabo San Lucas,Mexico,Grand Velas Resorts,404,https://media.virtuoso.com/m/Images/Brochures/15476764_2_0_0223.jpg
arizona-biltmore-lxr-hotels-resorts-united-states,"Arizona Biltmore, LXR Hotels & Resorts",Phoenix,United States,Hilton Luxury Brands,404,https://media.virtuoso.com/m/Images/Brochures/4574_2_0_0314.jpg
beach-village-at-the-del-lxr-hotels-resorts-united-states,"Beach Village at The Del, LXR Hotels & Resorts",San Diego,United States,Hilton Luxury Brands,404,https://media.virtuoso.com/m/Images/Brochures/16470742_2_0_0305.jpg
conrad-dublin-ireland,Conrad Dublin,Dublin,Ireland,Hilton Luxury Brands,404,https://media.virtuoso.com/m/Images/Brochures/16597028_2_0_0310.jpg
conrad-osaka-japan,Conrad Osaka,Osaka,Japan,Hilton Luxury Brands,404,https://media.virtuoso.com/m/Images/Brochures/15782759_2_0_0224.jpg
la-quinta-resort-club-united-states,La Quinta Resort & Club,La Quinta,United States,Hilton Luxury Brands,404,https://media.virtuoso.com/m/Images/Brochures/4153_2_0_0308.jpg
susona-bodrum-lxr-hotels-resorts-turkey,"Susona Bodrum, LXR Hotels & Resorts",Bodrum,Turkey,Hilton Luxury Brands,404,https://media.virtuoso.com/m/Images/Brochures/16201058_2_5_0301.jpg
waldorf-astoria-orlando-united-states,Waldorf Astoria Orlando,Orlando,United States,Hilton Luxury Brands,404,https://media.virtuoso.com/m/Images/Brochures/4308536_2_0_0224.jpg
7pines-resort-ibiza-spain,7Pines Resort Ibiza,Ibiza,Spain,Hyatt Hotels Corporation,404,https://media.virtuoso.com/m/Images/Brochures/16122878_2_0_0307.jpg
7pines-resort-sardinia-italy,7Pines Resort Sardinia,Arzachena,Italy,Hyatt Hotels Corporation,404,https://media.virtuoso.com/m/Images/Brochures/16921314_2_0_0225.jpg
alila-mayakoba-mexico,Alila Mayakoba,Riviera Maya,Mexico,Hyatt Hotels Corporation,404,https://media.virtuoso.com/m/Images/Brochures/15244321_2_0_0320.jpg
andaz-bali-indonesia,Andaz Bali,Bali,Indonesia,Hyatt Hotels Corporation,404,https://media.virtuoso.com/m/Images/Brochures/16597012_2_0_0310.jpg
andaz-tokyo-toranomon-hills-japan,Andaz Tokyo Toranomon Hills,Tokyo,Japan,Hyatt Hotels Corporation,404,https://media.virtuoso.com/m/Images/Brochures/14656837_2_0_0304.jpg
grand-hyatt-indian-wells-resort-villas-united-states,Grand Hyatt Indian Wells Resort & Villas,Indian Wells,United States,Hyatt Hotels Corporation,404,https://media.virtuoso.com/m/Images/Brochures/4583_2_58_0312.jpg
grand-hyatt-tokyo-japan,Grand Hyatt Tokyo,Tokyo,Japan,Hyatt Hotels Corporation,404,https://media.virtuoso.com/m/Images/Brochures/6616328_2_4_0314.jpg
grand-hyatt-vail-united-states,Grand Hyatt Vail,Vail,United States,Hyatt Hotels Corporation,404,https://media.virtuoso.com/m/Images/Brochures/4027_2_0_0310.jpg
hotel-martinez-france,Hotel Martinez,Cannes,France,Hyatt Hotels Corporation,404,https://media.virtuoso.com/m/Images/Brochures/12664483_2_0_0319.jpg
hyatt-regency-aruba-resort-spa-casino-aruba,"Hyatt Regency Aruba Resort, Spa & Casino",Palm Beach,Aruba,Hyatt Hotels Corporation,404,https://media.virtuoso.com/m/Images/Brochures/11152928_2_0_0318.jpg
hyatt-regency-nice-palais-de-la-mediterranee-france,Hyatt Regency Nice Palais de la Mediterranee,Nice,France,Hyatt Hotels Corporation,404,https://media.virtuoso.com/m/Images/Brochures/4473_2_1_0310.jpg
la-zambra-resort-spain,La Zambra Resort,Málaga,Spain,Hyatt Hotels Corporation,404,https://media.virtuoso.com/m/Images/Brochures/18218783_2_0_0307.jpg
maison-mtier-united-states,Maison Métier,New Orleans,United States,Hyatt Hotels Corporation,404,https://media.virtuoso.com/m/Images/Brochures/16237350_2_6_0311.jpg
palacio-duhau-park-hyatt-buenos-aires-argentina,Palacio Duhau - Park Hyatt Buenos Aires,Buenos Aires,Argentina,Hyatt Hotels Corporation,404,https://media.virtuoso.com/m/Images/Brochures/4119_2_0_0308.jpg
park-hyatt-aviara-resort-golf-club-and-spa-united-states,"Park Hyatt Aviara Resort, Golf Club and Spa",San Diego,United States,Hyatt Hotels Corporation,404,https://media.virtuoso.com/m/Images/Brochures/4524_2_27_0311.jpg
park-hyatt-beijing-china,Park Hyatt Beijing,Beijing,China,Hyatt Hotels Corporation,404,https://media.virtuoso.com/m/Images/Brochures/4239375_2_0_0313.jpg
park-hyatt-istanbul-macka-palas-turkey,Park Hyatt Istanbul - Macka Palas,Istanbul,Turkey,Hyatt Hotels Corporation,404,https://media.virtuoso.com/m/Images/Brochures/5300660_2_3_0315.jpg
park-hyatt-marrakech-morocco,Park Hyatt Marrakech,Marrakech,Morocco,Hyatt Hotels Corporation,404,https://media.virtuoso.com/m/Images/Brochures/18218801_2_0_0225.jpg
park-hyatt-melbourne-australia,Park Hyatt Melbourne,Melbourne,Australia,Hyatt Hotels Corporation,404,https://media.virtuoso.com/m/Images/Brochures/4438_2_0_0316.jpg
park-hyatt-milano-italy,Park Hyatt Milano,Milan,Italy,Hyatt Hotels Corporation,404,https://media.virtuoso.com/m/Images/Brochures/4475_2_57_0309.jpg
park-hyatt-new-york-united-states,Park Hyatt New York,New York City,United States,Hyatt Hotels Corporation,404,https://media.virtuoso.com/m/Images/Brochures/12629666_2_0_0310.jpg
park-hyatt-paris-vendome-france,Park Hyatt Paris-Vendome,Paris,France,Hyatt Hotels Corporation,404,https://media.virtuoso.com/m/Images/Brochures/4354_2_0_0310.jpg
park-hyatt-seoul-south-korea,Park Hyatt Seoul,Seoul,South Korea,Hyatt Hotels Corporation,404,https://media.virtuoso.com/m/Images/Brochures/4031_2_0_0311.jpg
park-hyatt-siem-reap-cambodia,Park Hyatt Siem Reap,Siem Reap,Cambodia,Hyatt Hotels Corporation,404,https://media.virtuoso.com/m/Images/Brochures/687867_2_63_0312.jpg
park-hyatt-sydney-australia,Park Hyatt Sydney,Sydney,Australia,Hyatt Hotels Corporation,404,https://media.virtuoso.com/m/Images/Brochures/4072_2_0_0308.jpg
park-hyatt-zurich-switzerland,Park Hyatt Zurich,Zurich,Switzerland,Hyatt Hotels Corporation,404,https://media.virtuoso.com/m/Images/Brochures/4450_2_4_0311.jpg
prisi-udvar-hotel-budapest-in-the-unbound-collection-by-hyatt-hungary,"Párisi Udvar Hotel Budapest, in The Unbound Collection by Hyatt",Budapest,Hungary,Hyatt Hotels Corporation,404,https://media.virtuoso.com/m/Images/Brochures/18048712_2_0_0310.jpg
royal-palms-resort-and-spa-united-states,Royal Palms Resort and Spa,Phoenix,United States,Hyatt Hotels Corporation,404,https://media.virtuoso.com/m/Images/Brochures/4371_2_0_0310.jpg
the-chatwal-lodge-united-states,The Chatwal Lodge,White Lake,United States,Hyatt Hotels Corporation,404,https://media.virtuoso.com/m/Images/Brochures/16896477_2_0_0224.jpg
the-lodge-at-spruce-peak-united-states,The Lodge at Spruce Peak,Stowe,United States,Hyatt Hotels Corporation,404,https://media.virtuoso.com/m/Images/Brochures/66239_2_0_0312.jpg
the-seabird-ocean-resort-spa-united-states,The Seabird Ocean Resort & Spa,Oceanside,United States,Hyatt Hotels Corporation,404,https://media.virtuoso.com/m/Images/Brochures/16594306_2_0_0310.jpg
thompson-houston-united-states,Thompson Houston,Houston,United States,Hyatt Hotels Corporation,404,https://media.virtuoso.com/m/Images/Brochures/18067796_2_0_0314.jpg
thompson-madrid-by-hyatt-spain,"Thompson Madrid, by Hyatt",Madrid,Spain,Hyatt Hotels Corporation,404,https://media.virtuoso.com/m/Images/Brochures/18102190_2_0_0316.jpg
thompson-san-antonio-riverwalk-united-states,Thompson San Antonio - Riverwalk,San Antonio,United States,Hyatt Hotels Corporation,404,https://media.virtuoso.com/m/Images/Brochures/16253827_2_0_0307.jpg
thompson-savannah-united-states,Thompson Savannah,Savannah,United States,Hyatt Hotels Corporation,404,https://media.virtuoso.com/m/Images/Brochures/16594296_2_0_0310.jpg
thompson-zihuatanejo-mexico,Thompson Zihuatanejo,Zihuatanejo,Mexico,Hyatt Hotels Corporation,404,https://media.virtuoso.com/m/Images/Brochures/4380_2_0_0310.jpg
inverlochy-castle-hotel-united-kingdom,Inverlochy Castle Hotel,Scotland,United Kingdom,ICMI - Inverlochy Castle Management International,404,https://media.virtuoso.com/m/Images/Brochures/4216_2_0_0309.jpg
david-intercontinental-tel-aviv-israel,David InterContinental Tel Aviv,Tel Aviv,Israel,IHG Hotels & Resorts,404,https://media.virtuoso.com/m/Images/Brochures/848469_2_0_0312.jpg
intercontinental-bora-bora-resort-thalasso-spa-french-polynesia,InterContinental Bora Bora Resort & Thalasso Spa,Bora Bora,French Polynesia,IHG Hotels & Resorts,404,https://media.virtuoso.com/m/Images/Brochures/15542952_2_0_0226.jpg
intercontinental-buckhead-atlanta-united-states,InterContinental Buckhead Atlanta,Atlanta,United States,IHG Hotels & Resorts,404,https://media.virtuoso.com/m/Images/Brochures/4192_2_0_0311.jpg
intercontinental-hayman-great-barrier-reef-australia,InterContinental Hayman Great Barrier Reef,Hayman Island (Australia),Australia,IHG Hotels & Resorts,404,https://media.virtuoso.com/m/Images/Brochures/16129580_2_38_0228.jpg
intercontinental-paris-le-grand-france,InterContinental Paris Le Grand,Paris,France,IHG Hotels & Resorts,404,https://media.virtuoso.com/m/Images/Brochures/4345_2_31_0313.jpg
intercontinental-phuket-resort-thailand,InterContinental Phuket Resort,Phuket,Thailand,IHG Hotels & Resorts,404,https://media.virtuoso.com/m/Images/Brochures/16633734_2_0_0311.jpg
intercontinental-sydney-australia,InterContinental Sydney,Sydney,Australia,IHG Hotels & Resorts,404,https://media.virtuoso.com/m/Images/Brochures/3813_2_0_0228.jpg
kimpton-seafire-resort-spa-grand-cayman-cayman-islands,"Kimpton Seafire Resort + Spa, Grand Cayman",Grand Cayman,Cayman Islands,IHG Hotels & Resorts,404,https://media.virtuoso.com/m/Images/Brochures/15602214_2_0_0222.jpg
six-senses-kaplankaya-turkey,Six Senses Kaplankaya,Milas,Turkey,IHG Hotels & Resorts,404,https://media.virtuoso.com/m/Images/Brochures/16707500_2_0_0311.jpg
six-senses-rome-italy,Six Senses Rome,Rome,Italy,IHG Hotels & Resorts,404,https://media.virtuoso.com/m/Images/Brochures/16648038_2_0_0311.jpg
six-senses-yao-noi-thailand,Six Senses Yao Noi,Phangnga,Thailand,IHG Hotels & Resorts,404,https://media.virtuoso.com/m/Images/Brochures/4021_2_0_0311.jpg
jumeirah-marsa-al-arab-resort-residences-united-arab-emirates,Jumeirah Marsa Al Arab Resort & Residences,Dubai,United Arab Emirates,Jumeirah Hotels & Resorts,404,https://media.virtuoso.com/m/Images/Brochures/16585524_2_0_0315.jpg
jumeirah-olhahali-island-maldives,Jumeirah Olhahali Island,Malé,Maldives,Jumeirah Hotels & Resorts,404,https://media.virtuoso.com/m/Images/Brochures/16314108_2_8_0221.jpg
hotel-adlon-kempinski-berlin-germany,Hotel Adlon Kempinski Berlin,Berlin,Germany,Kempinski Hotels,404,https://media.virtuoso.com/m/Images/Brochures/4235_2_0_0326.jpg
hotel-taschenbergpalais-kempinski-dresden-germany,Hotel Taschenbergpalais Kempinski Dresden,Dresden,Germany,Kempinski Hotels,404,https://media.virtuoso.com/m/Images/Brochures/4956718_2_0_0315.jpg
kempinski-hotel-mall-of-the-emirates-dubai-united-arab-emirates,Kempinski Hotel Mall of the Emirates Dubai,Dubai,United Arab Emirates,Kempinski Hotels,404,https://media.virtuoso.com/m/Images/Brochures/18120643_2_0_0311.jpg
the-langham-boston-united-states,"The Langham, Boston",Boston,United States,Langham Hotels & Resorts,404,https://media.virtuoso.com/m/Images/Brochures/16005996_2_0_0227.jpg
the-langham-new-york-fifth-avenue-united-states,"The Langham, New York, Fifth Avenue",New York City,United States,Langham Hotels & Resorts,404,https://media.virtuoso.com/m/Images/Brochures/11130968_2_0_0303.jpg
the-langham-sydney-australia,"The Langham, Sydney",Sydney,Australia,Langham Hotels & Resorts,404,https://media.virtuoso.com/m/Images/Brochures/3785_2_3_0309.jpg
hotel-lungarno-italy,Hotel Lungarno,Florence,Italy,"Lungarno Collection - Florence, Rome, and Milan",404,https://media.virtuoso.com/m/Images/Brochures/4573_2_7_0310.jpg
al-maha-a-luxury-collection-desert-resort-spa-dubai-united-arab-emirates,"Al Maha, a Luxury Collection Desert Resort & Spa, Dubai",Dubai,United Arab Emirates,Luxury Group at Marriott International,404,https://media.virtuoso.com/m/Images/Brochures/4512_2_0_0311.jpg
bisha-a-luxury-collection-hotel-toronto-canada,"BISHA, a Luxury Collection Hotel, Toronto",Toronto,Canada,Luxury Group at Marriott International,404,https://media.virtuoso.com/m/Images/Brochures/15734805_2_0_0223.jpg
bvlgari-hotel-milano-italy,Bvlgari Hotel Milano,Milan,Italy,Luxury Group at Marriott International,404,https://media.virtuoso.com/m/Images/Brochures/4388_2_0_0310.jpg
bvlgari-hotel-roma-italy,Bvlgari Hotel Roma,Rome,Italy,Luxury Group at Marriott International,404,https://media.virtuoso.com/m/Images/Brochures/16597033_2_3_0315.jpg
bvlgari-hotel-shanghai-china,Bvlgari Hotel Shanghai,Shanghai,China,Luxury Group at Marriott International,404,https://media.virtuoso.com/m/Images/Brochures/15441437_2_1_0325.jpg
bvlgari-hotel-tokyo-japan,Bvlgari Hotel Tokyo,Tokyo,Japan,Luxury Group at Marriott International,404,https://media.virtuoso.com/m/Images/Brochures/16780984_2_0_0309.jpg
bvlgari-resort-bali-indonesia,Bvlgari Resort Bali,Bali,Indonesia,Luxury Group at Marriott International,404,https://media.virtuoso.com/m/Images/Brochures/4633_2_0_0302.jpg
cala-di-volpe-a-luxury-collection-hotel-costa-smeralda-italy,"Cala di Volpe, a Luxury Collection Hotel, Costa Smeralda",Sardinia,Italy,Luxury Group at Marriott International,404,https://media.virtuoso.com/m/Images/Brochures/4138_2_0_0308.jpg
domes-miramare-a-luxury-collection-resort-corfu-greece,"Domes Miramare, a Luxury Collection Resort, Corfu",Corfu,Greece,Luxury Group at Marriott International,404,https://media.virtuoso.com/m/Images/Brochures/15774447_2_14_0223.jpg
hotel-alfonso-xiii-a-luxury-collection-hotel-seville-spain,"Hotel Alfonso XIII, a Luxury Collection Hotel, Seville",Seville,Spain,Luxury Group at Marriott International,404,https://media.virtuoso.com/m/Images/Brochures/11170223_2_0_0226.jpg
hotel-bristol-a-luxury-collection-hotel-warsaw-poland,"Hotel Bristol, a Luxury Collection Hotel, Warsaw",Warsaw,Poland,Luxury Group at Marriott International,404,https://media.virtuoso.com/m/Images/Brochures/4506_2_0_0311.jpg
hotel-goldener-hirsch-a-luxury-collection-hotel-salzburg-austria,"Hotel Goldener Hirsch, a Luxury Collection Hotel, Salzburg",Salzburg,Austria,Luxury Group at Marriott International,404,https://media.virtuoso.com/m/Images/Brochures/4451_2_8_0311.jpg
hotel-marques-de-riscal-a-luxury-collection-hotel-elciego-spain,"Hotel Marques de Riscal, a Luxury Collection Hotel, Elciego",Elciego,Spain,Luxury Group at Marriott International,404,https://media.virtuoso.com/m/Images/Brochures/3115_2_0_0225.jpg
houston-grand-hotel-river-oaks-united-states,Houston Grand Hotel - River Oaks,Houston,United States,Luxury Group at Marriott International,404,https://media.virtuoso.com/m/Images/Brochures/3782_2_4_0223.jpg
htel-du-couvent-luxury-collection-hotel-france,"Hôtel du Couvent, Luxury Collection Hotel",Nice,France,Luxury Group at Marriott International,404,https://media.virtuoso.com/m/Images/Brochures/16707851_2_0_0223.jpg
lido-house-autograph-collection-united-states,"Lido House, Autograph Collection",Newport Beach,United States,Luxury Group at Marriott International,404,https://media.virtuoso.com/m/Images/Brochures/16383237_2_0_0304.jpg
mauna-kea-beach-hotel-autograph-collection-united-states,"Mauna Kea Beach Hotel, Autograph Collection",Kamuela,United States,Luxury Group at Marriott International,404,https://media.virtuoso.com/m/Images/Brochures/4552_2_2_0310.jpg
muir-a-luxury-collection-hotel-halifax-canada,"Muir, a Luxury Collection Hotel, Halifax",Halifax,Canada,Luxury Group at Marriott International,404,https://media.virtuoso.com/m/Images/Brochures/16287390_2_0_0221.jpg
mystique-a-luxury-collection-hotel-santorini-greece,"Mystique, a Luxury Collection Hotel, Santorini",Santorini,Greece,Luxury Group at Marriott International,404,https://media.virtuoso.com/m/Images/Brochures/2589_2_0_0311.jpg
nekajui-a-ritz-carlton-reserve-costa-rica,"Nekajui, a Ritz-Carlton Reserve",Liberia,Costa Rica,Luxury Group at Marriott International,404,https://media.virtuoso.com/m/Images/Brochures/18099055_2_0_0308.jpg
parklane-a-luxury-collection-resort-spa-limassol-cyprus,"Parklane, a Luxury Collection Resort & Spa, Limassol",Limassol,Cyprus,Luxury Group at Marriott International,404,https://media.virtuoso.com/m/Images/Brochures/16477750_2_0_0227.jpg
powerscourt-hotel-resort-spa-ireland,Powerscourt Hotel Resort Spa,Enniskerry,Ireland,Luxury Group at Marriott International,404,https://media.virtuoso.com/m/Images/Brochures/1690778_2_0_0313.jpg
salterra-a-luxury-collection-resort-spa-south-caicos-turks-and-caicos-islands,"Salterra, a Luxury Collection Resort & Spa, South Caicos",South Caicos,Turks And Caicos Islands,Luxury Group at Marriott International,404,https://media.virtuoso.com/m/Images/Brochures/18376322_2_0_0226.jpg
santa-marina-a-luxury-collection-resort-mykonos-greece,"Santa Marina, a Luxury Collection Resort, Mykonos",Mykonos,Greece,Luxury Group at Marriott International,404,https://media.virtuoso.com/m/Images/Brochures/2645_2_0_0316.jpg
solaz-a-luxury-collection-resort-los-cabos-mexico,"Solaz, a Luxury Collection Resort Los Cabos",San José del Cabo,Mexico,Luxury Group at Marriott International,404,https://media.virtuoso.com/m/Images/Brochures/16158607_2_0_0225.jpg
the-us-grant-a-luxury-collection-hotel-san-diego-united-states,"THE US GRANT, a Luxury Collection Hotel, San Diego",San Diego,United States,Luxury Group at Marriott International,404,https://media.virtuoso.com/m/Images/Brochures/4517_2_0_0311.jpg
the-canyon-suites-at-the-phoenician-a-luxury-collection-resort-scottsdale-united-states,"The Canyon Suites at The Phoenician, a Luxury Collection Resort, Scottsdale",Scottsdale,United States,Luxury Group at Marriott International,404,https://media.virtuoso.com/m/Images/Brochures/4173456_2_32_0310.jpg
the-edinburgh-grand-a-luxury-collection-hotel-edinburgh-united-kingdom,"The Edinburgh Grand, a Luxury Collection Hotel, Edinburgh","Edinburgh, Scotland",United Kingdom,Luxury Group at Marriott International,404,https://media.virtuoso.com/m/Images/Brochures/16353010_2_0_0310.jpg
the-excelsior-a-luxury-collection-hotel-florence-italy,"The Excelsior, a Luxury Collection Hotel, Florence",Florence,Italy,Luxury Group at Marriott International,404,https://media.virtuoso.com/m/Images/Brochures/4641_2_0_0307.jpg
the-gritti-palace-a-luxury-collection-hotel-venice-italy,"The Gritti Palace, a Luxury Collection Hotel, Venice",Venice,Italy,Luxury Group at Marriott International,404,https://media.virtuoso.com/m/Images/Brochures/4579_2_109_0309.jpg
the-madrid-edition-spain,The Madrid EDITION,Madrid,Spain,Luxury Group at Marriott International,404,https://media.virtuoso.com/m/Images/Brochures/16301729_2_0_0303.jpg
the-phoenician-a-luxury-collection-resort-scottsdale-united-states,"The Phoenician, a Luxury Collection Resort, Scottsdale",Scottsdale,United States,Luxury Group at Marriott International,404,https://media.virtuoso.com/m/Images/Brochures/3831_2_9_0303.jpg
the-reykjavik-edition-iceland,The Reykjavik EDITION,Reykjavík,Iceland,Luxury Group at Marriott International,404,https://media.virtuoso.com/m/Images/Brochures/16235979_2_1_0303.jpg
the-ritz-carlton-beijing-financial-street-china,"The Ritz-Carlton Beijing, Financial Street",Beijing,China,Luxury Group at Marriott International,404,https://media.virtuoso.com/m/Images/Brochures/4436_2_9_0311.jpg
the-ritz-carlton-chicago-united-states,The Ritz-Carlton Chicago,Chicago,United States,Luxury Group at Marriott International,404,https://media.virtuoso.com/m/Images/Brochures/4308574_2_4_0313.jpg
the-ritz-carlton-oahu-turtle-bay-united-states,"The Ritz-Carlton Oʻahu, Turtle Bay",Kahuku,United States,Luxury Group at Marriott International,404,https://media.virtuoso.com/m/Images/Brochures/16568518_2_0_0309.jpg
the-ritz-carlton-ras-al-khaimah-al-wadi-desert-united-arab-emirates,"The Ritz-Carlton Ras Al Khaimah, Al Wadi Desert",Ras Al Khaimah,United Arab Emirates,Luxury Group at Marriott International,404,https://media.virtuoso.com/m/Images/Brochures/18213257_2_0_0227.jpg
the-ritz-carlton-reynolds-lake-oconee-united-states,"The Ritz-Carlton Reynolds, Lake Oconee",Greensboro,United States,Luxury Group at Marriott International,404,https://media.virtuoso.com/m/Images/Brochures/6647337_2_0_0316.jpg
the-ritz-carlton-shanghai-pudong-china,"The Ritz-Carlton Shanghai, Pudong",Shanghai,China,Luxury Group at Marriott International,404,https://media.virtuoso.com/m/Images/Brochures/5940532_2_0_0303.jpg
the-ritz-carlton-dove-mountain-united-states,"The Ritz-Carlton, Dove Mountain",Tucson,United States,Luxury Group at Marriott International,404,https://media.virtuoso.com/m/Images/Brochures/4956814_2_0_0313.jpg
the-ritz-carlton-half-moon-bay-united-states,"The Ritz-Carlton, Half Moon Bay",Half Moon Bay,United States,Luxury Group at Marriott International,404,https://media.virtuoso.com/m/Images/Brochures/4156_2_0_0228.jpg
the-ritz-carlton-hong-kong-china,"The Ritz-Carlton, Hong Kong",Hong Kong,China,Luxury Group at Marriott International,404,https://media.virtuoso.com/m/Images/Brochures/6769318_2_5_0314.jpg
the-ritz-carlton-laguna-niguel-united-states,"The Ritz-Carlton, Laguna Niguel",Dana Point,United States,Luxury Group at Marriott International,404,https://media.virtuoso.com/m/Images/Brochures/4490_2_0_0301.jpg
the-ritz-carlton-millenia-singapore-singapore,"The Ritz-Carlton, Millenia Singapore",Singapore,Singapore,Luxury Group at Marriott International,404,https://media.virtuoso.com/m/Images/Brochures/3812_2_0_0303.jpg
the-ritz-carlton-new-orleans-united-states,"The Ritz-Carlton, New Orleans",New Orleans,United States,Luxury Group at Marriott International,404,https://media.virtuoso.com/m/Images/Brochures/4206_2_0_0309.jpg
the-ritz-carlton-osaka-japan,"The Ritz-Carlton, Osaka",Osaka,Japan,Luxury Group at Marriott International,404,https://media.virtuoso.com/m/Images/Brochures/15424109_2_0_0223.jpg
the-ritz-carlton-san-juan-puerto-rico,"The Ritz-Carlton, San Juan",Carolina,Puerto Rico,Luxury Group at Marriott International,404,https://media.virtuoso.com/m/Images/Brochures/4197_2_0_0309.jpg
the-ritz-carlton-south-beach-united-states,"The Ritz-Carlton, South Beach",Miami Beach,United States,Luxury Group at Marriott International,404,https://media.virtuoso.com/m/Images/Brochures/3973_2_0_0306.jpg
the-ritz-carlton-turks-caicos-turks-and-caicos-islands,"The Ritz-Carlton, Turks & Caicos",Providenciales,Turks And Caicos Islands,Luxury Group at Marriott International,404,https://media.virtuoso.com/m/Images/Brochures/16178080_2_0_0301.jpg
the-ritz-carlton-vienna-austria,"The Ritz-Carlton, Vienna",Vienna,Austria,Luxury Group at Marriott International,404,https://media.virtuoso.com/m/Images/Brochures/12014338_2_0_0226.jpg
the-st-regis-aspen-resort-united-states,The St. Regis Aspen Resort,Aspen,United States,Luxury Group at Marriott International,404,https://media.virtuoso.com/m/Images/Brochures/4419_2_0_0314.jpg
the-st-regis-atlanta-united-states,The St. Regis Atlanta,Atlanta,United States,Luxury Group at Marriott International,404,https://media.virtuoso.com/m/Images/Brochures/1690724_2_0_0313.jpg
the-st-regis-bali-resort-indonesia,The St. Regis Bali Resort,Bali,Indonesia,Luxury Group at Marriott International,404,https://media.virtuoso.com/m/Images/Brochures/6606680_2_0_0303.jpg
the-st-regis-bermuda-resort-bermuda,The St. Regis Bermuda Resort,St. George,Bermuda,Luxury Group at Marriott International,404,https://media.virtuoso.com/m/Images/Brochures/16198050_2_0_0301.jpg
the-st-regis-bora-bora-resort-french-polynesia,The St. Regis Bora Bora Resort,Bora Bora,French Polynesia,Luxury Group at Marriott International,404,https://media.virtuoso.com/m/Images/Brochures/4173_2_0_0309.jpg
the-st-regis-hong-kong-china,The St. Regis Hong Kong,Hong Kong,China,Luxury Group at Marriott International,404,https://media.virtuoso.com/m/Images/Brochures/15889282_2_1_0307.jpg
the-st-regis-maldives-vommuli-resort-maldives,The St. Regis Maldives Vommuli Resort,Dhaalu Atoll,Maldives,Luxury Group at Marriott International,404,https://media.virtuoso.com/m/Images/Brochures/15577238_2_9_0303.jpg
the-st-regis-new-york-united-states,The St. Regis New York,New York City,United States,Luxury Group at Marriott International,404,https://media.virtuoso.com/m/Images/Brochures/4634_2_0_0312.jpg
the-st-regis-red-sea-resort-saudi-arabia,The St. Regis Red Sea Resort,Red Sea,Saudi Arabia,Luxury Group at Marriott International,404,https://media.virtuoso.com/m/Images/Brochures/18052042_2_0_0225.jpg
the-st-regis-rome-italy,The St. Regis Rome,Rome,Italy,Luxury Group at Marriott International,404,https://media.virtuoso.com/m/Images/Brochures/3889_2_1_0304.jpg
the-st-regis-san-francisco-united-states,The St. Regis San Francisco,San Francisco,United States,Luxury Group at Marriott International,404,https://media.virtuoso.com/m/Images/Brochures/4099_2_19_0312.jpg
the-st-regis-venice-italy,The St. Regis Venice,Venice,Italy,Luxury Group at Marriott International,404,https://media.virtuoso.com/m/Images/Brochures/4417_2_0_0302.jpg
the-st-regis-washington-dc-united-states,"The St. Regis Washington, DC",Washington,United States,Luxury Group at Marriott International,404,https://media.virtuoso.com/m/Images/Brochures/4640_2_0_0228.jpg
vedema-a-luxury-collection-resort-santorini-greece,"Vedema, a Luxury Collection Resort, Santorini",Santorini,Greece,Luxury Group at Marriott International,404,https://media.virtuoso.com/m/Images/Brochures/3919_2_0_0311.jpg
w-algarve-portugal,W Algarve,Albufeira,Portugal,Luxury Group at Marriott International,404,https://media.virtuoso.com/m/Images/Brochures/16471276_2_93_0308.jpg
w-barcelona-spain,W Barcelona,Barcelona,Spain,Luxury Group at Marriott International,404,https://media.virtuoso.com/m/Images/Brochures/10954284_2_0_0303.jpg
w-edinburgh-united-kingdom,W Edinburgh,"Edinburgh, Scotland",United Kingdom,Luxury Group at Marriott International,404,https://media.virtuoso.com/m/Images/Brochures/18213232_2_0_0228.jpg
w-new-york-union-square-united-states,W New York - Union Square,New York City,United States,Luxury Group at Marriott International,404,https://media.virtuoso.com/m/Images/Brochures/4120_2_16_0304.jpg
zadn-los-cabos-a-ritz-carlton-reserve-mexico,"Zadún Los Cabos, a Ritz-Carlton Reserve",San José del Cabo,Mexico,Luxury Group at Marriott International,404,https://media.virtuoso.com/m/Images/Brochures/15802913_2_0_0303.jpg
aria-sky-suites-united-states,ARIA Sky Suites,Las Vegas,United States,"MGM Resorts International Operations, Inc.",404,https://media.virtuoso.com/m/Images/Brochures/5870537_2_0_0313.jpg
emirates-palace-mandarin-oriental-abu-dhabi-united-arab-emirates,"Emirates Palace Mandarin Oriental, Abu Dhabi",Abu Dhabi,United Arab Emirates,Mandarin Oriental,404,https://media.virtuoso.com/m/Images/Brochures/4162_2_0_0228.jpg
mandarin-oriental-bosphorus-istanbul-turkey,"Mandarin Oriental Bosphorus, Istanbul",Istanbul,Turkey,Mandarin Oriental,404,https://media.virtuoso.com/m/Images/Brochures/16328212_2_47_0304.jpg
mandarin-oriental-jumeira-dubai-united-arab-emirates,"Mandarin Oriental Jumeira, Dubai",Dubai,United Arab Emirates,Mandarin Oriental,404,https://media.virtuoso.com/m/Images/Brochures/16527111_2_0_0308.jpg
mandarin-oriental-savoy-zurich-switzerland,"Mandarin Oriental Savoy, Zurich",Zurich,Switzerland,Mandarin Oriental,404,https://media.virtuoso.com/m/Images/Brochures/16786074_2_0_0308.jpg
mandarin-oriental-kuala-lumpur-malaysia,"Mandarin Oriental, Kuala Lumpur",Kuala Lumpur,Malaysia,Mandarin Oriental,404,https://media.virtuoso.com/m/Images/Brochures/3901_2_0_0311.jpg
mandarin-oriental-prague-czech-republic,"Mandarin Oriental, Prague",Prague,Czech Republic,Mandarin Oriental,404,https://media.virtuoso.com/m/Images/Brochures/3891_2_1_0311.jpg
mandarin-oriental-tokyo-japan,"Mandarin Oriental, Tokyo",Tokyo,Japan,Mandarin Oriental,404,https://media.virtuoso.com/m/Images/Brochures/4010_2_1_0306.jpg
the-landmark-mandarin-oriental-hong-kong-china,"The Landmark Mandarin Oriental, Hong Kong",Hong Kong,China,Mandarin Oriental,404,https://media.virtuoso.com/m/Images/Brochures/3769_2_0_0312.jpg
the-berkeley-london-united-kingdom,"The Berkeley, London",London,United Kingdom,Maybourne,404,https://media.virtuoso.com/m/Images/Brochures/4471_2_0_0325.jpg
the-connaught-london-united-kingdom,"The Connaught, London",London,United Kingdom,Maybourne,404,https://media.virtuoso.com/m/Images/Brochures/4415_2_0_0315.jpg
alpengold-hotel-davos-switzerland,AlpenGold Hotel Davos,Davos Dorf,Switzerland,Michel Reybier Hospitality,404,https://media.virtuoso.com/m/Images/Brochures/14327480_2_0_0310.jpg
bellevue-palace-switzerland,Bellevue Palace,Bern,Switzerland,Michel Reybier Hospitality,404,https://media.virtuoso.com/m/Images/Brochures/4338_2_0_0308.jpg
la-reserve-paris-apartments-france,La Reserve Paris Apartments,Paris,France,Michel Reybier Hospitality,404,https://media.virtuoso.com/m/Images/Brochures/4126_2_0_0308.jpg
victoria-jungfrau-grand-hotel-spa-switzerland,VICTORIA-JUNGFRAU Grand Hotel & Spa,Interlaken,Switzerland,Michel Reybier Hospitality,404,https://media.virtuoso.com/m/Images/Brochures/4440_2_0_0311.jpg
anantara-convento-di-amalfi-grand-hotel-italy,Anantara Convento di Amalfi Grand Hotel,Amalfi,Italy,Minor Hotels,404,https://media.virtuoso.com/m/Images/Brochures/16752134_2_0_0226.jpg
anantara-golden-triangle-elephant-camp-resort-thailand,Anantara Golden Triangle Elephant Camp & Resort,Chiang Rai,Thailand,Minor Hotels,404,https://media.virtuoso.com/m/Images/Brochures/3762_2_0_0228.jpg
anantara-kihavah-maldives-villas-maldives,Anantara Kihavah Maldives Villas,Male,Maldives,Minor Hotels,404,https://media.virtuoso.com/m/Images/Brochures/18052037_2_0_0221.jpg
anantara-peace-haven-tangalle-resort-sri-lanka,Anantara Peace Haven Tangalle Resort,Tangalle,Sri Lanka,Minor Hotels,404,https://media.virtuoso.com/m/Images/Brochures/15411873_2_0_0226.jpg
anantara-siam-bangkok-hotel-thailand,Anantara Siam Bangkok Hotel,Bangkok,Thailand,Minor Hotels,404,https://media.virtuoso.com/m/Images/Brochures/4244_2_0_0309.jpg
anantara-villa-padierna-palace-benahavis-marbella-resort-spain,Anantara Villa Padierna Palace - Benahavis Marbella Resort,Marbella,Spain,Minor Hotels,404,https://media.virtuoso.com/m/Images/Brochures/16728283_2_0_0312.jpg
anantara-world-islands-dubai-resort-united-arab-emirates,Anantara World Islands Dubai Resort,Dubai,United Arab Emirates,Minor Hotels,404,https://media.virtuoso.com/m/Images/Brochures/16519296_2_0_0308.jpg
the-royal-livingstone-anantara-zambia,The Royal Livingstone Anantara,Livingstone,Zambia,Minor Hotels,404,https://media.virtuoso.com/m/Images/Brochures/4668_2_0_0312.jpg
montage-laguna-beach-united-states,Montage Laguna Beach,Laguna Beach,United States,Montage International,404,https://media.virtuoso.com/m/Images/Brochures/3797_2_0_0225.jpg
montage-palmetto-bluff-united-states,Montage Palmetto Bluff,Bluffton,United States,Montage International,404,https://media.virtuoso.com/m/Images/Brochures/4581_2_0_0312.jpg
pendry-san-diego-united-states,Pendry San Diego,San Diego,United States,Montage International,404,https://media.virtuoso.com/m/Images/Brochures/15492863_2_0_0309.jpg
laplaya-beach-golf-resort-united-states,LaPlaya Beach & Golf Resort,Naples,United States,Noble House Hotels & Resorts,404,https://media.virtuoso.com/m/Images/Brochures/4122_2_0_0312.jpg
nobu-hotel-chicago-united-states,Nobu Hotel Chicago,Chicago,United States,Nobu Hotels,404,https://media.virtuoso.com/m/Images/Brochures/18053463_2_0_0308.jpg
nobu-hotel-london-portman-square-united-kingdom,Nobu Hotel London Portman Square,London,United Kingdom,Nobu Hotels,404,https://media.virtuoso.com/m/Images/Brochures/16585535_2_0_0310.jpg
oneonly-aesthesis-greece,One&Only Aesthesis,Glyfáda,Greece,One&Only Resorts,404,https://media.virtuoso.com/m/Images/Brochures/16465667_2_0_0226.jpg
oneonly-cape-town-south-africa,One&Only Cape Town,Cape Town,South Africa,One&Only Resorts,404,https://media.virtuoso.com/m/Images/Brochures/4663_2_0_0312.jpg
oneonly-ka-island-greece,One&Only Kéa Island,Cyclades Islands,Greece,One&Only Resorts,404,https://media.virtuoso.com/m/Images/Brochures/16568520_2_0_0312.jpg
oneonly-mandarina-mexico,One&Only Mandarina,Lo de Marcos,Mexico,One&Only Resorts,404,https://media.virtuoso.com/m/Images/Brochures/15876144_2_36_0226.jpg
oneonly-one-zaabeel-united-arab-emirates,One&Only One Za’abeel,Dubai,United Arab Emirates,One&Only Resorts,404,https://media.virtuoso.com/m/Images/Brochures/16767632_2_4_0314.jpg
oneonly-royal-mirage-united-arab-emirates,One&Only Royal Mirage,Dubai,United Arab Emirates,One&Only Resorts,404,https://media.virtuoso.com/m/Images/Brochures/3832_2_0_0313.jpg
the-twelve-apostles-hotel-spa-south-africa,The Twelve Apostles Hotel & Spa,Cape Town,South Africa,Red Carnation Hotel Collection,404,https://media.virtuoso.com/m/Images/Brochures/4577_2_0_0222.jpg
browns-hotel-a-rocco-forte-hotel-united-kingdom,"Brown's Hotel, a Rocco Forte Hotel",London,United Kingdom,Rocco Forte Hotels,404,https://media.virtuoso.com/m/Images/Brochures/4334_2_0_0310.jpg
villa-igiea-a-rocco-forte-hotel-italy,"Villa Igiea, a Rocco Forte Hotel",Palermo,Italy,Rocco Forte Hotels,404,https://media.virtuoso.com/m/Images/Brochures/15974827_2_0_0307.jpg
castiglion-del-bosco-a-rosewood-hotel-italy,"Castiglion del Bosco, A Rosewood Hotel",Montalcino,Italy,Rosewood Hotels & Resorts,404,https://media.virtuoso.com/m/Images/Brochures/3873_2_1_0312.jpg
rosewood-amsterdam-netherlands,Rosewood Amsterdam,Amsterdam,Netherlands,Rosewood Hotels & Resorts,404,https://media.virtuoso.com/m/Images/Brochures/16767640_2_0_0308.jpg
rosewood-bermuda-bermuda,Rosewood Bermuda,Hamilton,Bermuda,Rosewood Hotels & Resorts,404,https://media.virtuoso.com/m/Images/Brochures/5088368_2_1_0313.jpg
rosewood-little-dix-bay-british-virgin-islands,Rosewood Little Dix Bay,Virgin Gorda,British Virgin Islands,Rosewood Hotels & Resorts,404,https://media.virtuoso.com/m/Images/Brochures/4253_2_16_0309.jpg
rosewood-mansion-on-turtle-creek-united-states,Rosewood Mansion On Turtle Creek,Dallas,United States,Rosewood Hotels & Resorts,404,https://media.virtuoso.com/m/Images/Brochures/4587_2_7_0303.jpg
rosewood-miyakojima-japan,Rosewood Miyakojima,Miyakojima,Japan,Rosewood Hotels & Resorts,NULL,
rosewood-vienna-austria,Rosewood Vienna,Vienna,Austria,Rosewood Hotels & Resorts,404,https://media.virtuoso.com/m/Images/Brochures/16568516_2_0_0309.jpg
salamander-middleburg-united-states,Salamander Middleburg,Middleburg,United States,Salamander Collection,404,https://media.virtuoso.com/m/Images/Brochures/14729722_2_0_0314.jpg
salamander-washington-dc-united-states,Salamander Washington DC,Washington,United States,Salamander Collection,404,https://media.virtuoso.com/m/Images/Brochures/4095_2_1_0308.jpg
island-shangri-la-hong-kong-china,"Island Shangri-La, Hong Kong",Hong Kong,China,Shangri-La Group,404,https://media.virtuoso.com/m/Images/Brochures/4339_2_0_0310.jpg
shangri-la-china-world-summit-wing-beijing-china,"Shangri-La China World Summit Wing, Beijing",Beijing,China,Shangri-La Group,404,https://media.virtuoso.com/m/Images/Brochures/6160086_2_10_0315.jpg
shangri-la-jeddah-saudi-arabia,Shangri-La Jeddah,Jeddah,Saudi Arabia,Shangri-La Group,404,https://media.virtuoso.com/m/Images/Brochures/16352958_2_0_0304.jpg
shangri-la-paris-france,Shangri-La Paris,Paris,France,Shangri-La Group,404,https://media.virtuoso.com/m/Images/Brochures/11133720_2_0_0306.jpg
1-hotel-south-beach-united-states,1 Hotel South Beach,Miami Beach,United States,Starwood Hotels,404,https://media.virtuoso.com/m/Images/Brochures/15617556_2_0_0306.jpg
upper-house-hong-kong-china,Upper House Hong Kong,Hong Kong,China,Swire Hotels,404,https://media.virtuoso.com/m/Images/Brochures/4956677_2_0_0313.jpg
upper-house-shanghai-china,Upper House Shanghai,Shanghai,China,Swire Hotels,404,https://media.virtuoso.com/m/Images/Brochures/15694800_2_0_0223.jpg
taj-cape-town-south-africa,Taj Cape Town,Cape Town,South Africa,Taj,404,https://media.virtuoso.com/m/Images/Brochures/5870530_2_12_0313.jpg
taj-falaknuma-palace-india,Taj Falaknuma Palace,Hyderabad,India,Taj,404,https://media.virtuoso.com/m/Images/Brochures/5898570_2_0_0313.jpg
taj-mahal-new-delhi-india,Taj Mahal New Delhi,New Delhi,India,Taj,404,https://media.virtuoso.com/m/Images/Brochures/3931_2_0_0311.jpg
the-pierre-a-taj-hotel-new-york-united-states,"The Pierre, a Taj Hotel, New York",New York City,United States,Taj,404,https://media.virtuoso.com/m/Images/Brochures/4273_2_0_0309.jpg
umaid-bhawan-palace-india,Umaid Bhawan Palace,Jodhpur,India,Taj,404,https://media.virtuoso.com/m/Images/Brochures/3907_2_0_0304.jpg
the-oberoi-beach-resort-mauritius-mauritius,"The Oberoi Beach Resort, Mauritius",Terre Rouge,Mauritius,The Oberoi Group,404,https://media.virtuoso.com/m/Images/Brochures/4570_2_0_0311.jpg
the-oberoi-udaivilas-udaipur-india,"The Oberoi Udaivilas, Udaipur",Udaipur,India,The Oberoi Group,404,https://media.virtuoso.com/m/Images/Brochures/4139_2_1_0308.jpg
the-oberoi-zahra-luxury-nile-cruise-egypt,"The Oberoi Zahra, Luxury Nile Cruise",Luxor,Egypt,The Oberoi Group,404,https://media.virtuoso.com/m/Images/Brochures/1174687_2_0_0307.jpg
the-oberoi-new-delhi-india,"The Oberoi, New Delhi",New Delhi,India,The Oberoi Group,404,https://media.virtuoso.com/m/Images/Brochures/4628_2_4_0312.jpg
the-peninsula-bangkok-thailand,The Peninsula Bangkok,Bangkok,Thailand,The Peninsula,404,https://media.virtuoso.com/m/Images/Brochures/4258_2_0_0309.jpg
the-peninsula-beijing-china,The Peninsula Beijing,Beijing,China,The Peninsula,404,https://media.virtuoso.com/m/Images/Brochures/4498_2_28_0311.jpg
the-peninsula-hong-kong-china,The Peninsula Hong Kong,Hong Kong,China,The Peninsula,404,https://media.virtuoso.com/m/Images/Brochures/3760_2_0_0228.jpg
the-peninsula-istanbul-turkey,The Peninsula Istanbul,Istanbul,Turkey,The Peninsula,404,https://media.virtuoso.com/m/Images/Brochures/16403612_2_0_0308.jpg
birkenhead-house-south-africa,Birkenhead House,Hermanus,South Africa,The Royal Portfolio,404,https://media.virtuoso.com/m/Images/Brochures/3846_2_0_0228.jpg
abaton-island-resort-spa-greece,Abaton Island Resort & Spa,"Hersonissos, Crete",Greece,,404,https://media.virtuoso.com/m/Images/Brochures/16027480_2_89_0227.jpg
acqualina-resort-residences-on-the-beach-united-states,Acqualina Resort & Residences on the Beach,Miami Beach,United States,,404,https://media.virtuoso.com/m/Images/Brochures/3886_2_4_0314.jpg
akelarre-relais-chateaux-hotel-spain,"Akelarre, Relais & Chateaux Hotel",Donostia-san Sebastián,Spain,,NULL,
alpes-hotel-du-pralong-france,Alpes Hotel du Pralong,Courchevel,France,,404,https://media.virtuoso.com/m/Images/Brochures/16930291_2_0_0310.jpg
ambiente-sedona-a-landscape-hotel-united-states,"Ambiente Sedona, A Landscape Hotel",Sedona,United States,,404,https://media.virtuoso.com/m/Images/Brochures/16720947_2_0_0311.jpg
anassa-cyprus,Anassa,Latsi,Cyprus,,404,https://media.virtuoso.com/m/Images/Brochures/14875752_2_11_0227.jpg
aurora-anguilla-resort-golf-club-anguilla,Aurora Anguilla Resort & Golf Club,Rendezvous Bay,Anguilla,,404,https://media.virtuoso.com/m/Images/Brochures/4527_2_0_0311.jpg
beyond-by-geisel-germany,BEYOND by Geisel,Munich,Germany,,404,https://media.virtuoso.com/m/Images/Brochures/16174688_2_0_0311.jpg
badrutts-palace-hotel-switzerland,Badrutt's Palace Hotel,St. Moritz,Switzerland,,404,https://media.virtuoso.com/m/Images/Brochures/4637_2_1_0312.jpg
banwa-private-island-philippines,Banwa Private Island,Palawan,Philippines,,404,https://media.virtuoso.com/m/Images/Brochures/16469953_2_0_0305.jpg
beau-rivage-geneva-switzerland,"Beau-Rivage, Geneva",Geneva,Switzerland,,404,https://media.virtuoso.com/m/Images/Brochures/4452_2_1_0224.jpg
beaverbrook-united-kingdom,Beaverbrook,Leatherhead,United Kingdom,,404,https://media.virtuoso.com/m/Images/Brochures/16745661_2_0_0312.jpg
borgo-pignano-tuscany-italy,Borgo Pignano Tuscany,Volterra,Italy,,404,https://media.virtuoso.com/m/Images/Brochures/15495759_2_0_0304.jpg
botanique-hotel-experience-brazil,Botanique Hotel Experience,Campos Do Jordao,Brazil,,404,https://media.virtuoso.com/m/Images/Brochures/16786089_2_0_0315.jpg
breidenbacher-hof-germany,Breidenbacher Hof,Dusseldorf,Germany,,404,https://media.virtuoso.com/m/Images/Brochures/4568_2_0_0311.jpg
ca-sagredo-hotel-italy,Ca' Sagredo Hotel,Venice,Italy,,404,https://media.virtuoso.com/m/Images/Brochures/3753_2_0_0228.jpg
cala-de-mar-resort-spa-ixtapa-mexico,Cala de Mar Resort & Spa Ixtapa,Ixtapa,Mexico,,404,https://media.virtuoso.com/m/Images/Brochures/4288_2_0_0310.jpg
cap-estel-france,Cap Estel,Éze,France,,404,https://media.virtuoso.com/m/Images/Brochures/4359_2_13_0310.jpg
cap-maison-resort-spa-saint-lucia,Cap Maison Resort & Spa,Gros Islet,Saint Lucia,,404,https://media.virtuoso.com/m/Images/Brochures/4082_2_0_0302.jpg
cap-st-georges-hotel-resort-cyprus,Cap St Georges Hotel & Resort,Pegeia,Cyprus,,NULL,
capelongue-a-beaumier-hotel-spa-france,"Capelongue, a Beaumier Hotel & Spa",Bonnieux,France,,404,https://media.virtuoso.com/m/Images/Brochures/16813343_2_0_0228.jpg
capri-tiberio-palace-italy,Capri Tiberio Palace,Capri,Italy,,404,https://media.virtuoso.com/m/Images/Brochures/10759379_2_0_0303.jpg
carlton-hotel-st-moritz-switzerland,Carlton Hotel St. Moritz,St. Moritz,Switzerland,,404,https://media.virtuoso.com/m/Images/Brochures/6112767_2_0_0224.jpg
carmel-charme-resort-brazil,Carmel Charme Resort,Ceará,Brazil,,404,https://media.virtuoso.com/m/Images/Brochures/15882998_2_0_0226.jpg
casa-angelina-italy,Casa Angelina,Praiano,Italy,,404,https://media.virtuoso.com/m/Images/Brochures/15601666_2_0_0302.jpg
casa-de-campo-resort-villas-dominican-republic,Casa de Campo Resort & Villas,La Romana,Dominican Republic,,404,https://media.virtuoso.com/m/Images/Brochures/4264_2_0_0312.jpg
casadelmar-france,Casadelmar,Porto-Vecchio,France,,404,https://media.virtuoso.com/m/Images/Brochures/6662126_2_42_0314.jpg
castel-badia-italy,Castel Badia,San Lorenzo Di Sebato,Italy,,404,https://media.virtuoso.com/m/Images/Brochures/18333754_2_1_0316.jpg
castelfalfi-italy,Castelfalfi,Montaione,Italy,,404,https://media.virtuoso.com/m/Images/Brochures/16493976_2_0_0321.jpg
castello-banfi-il-borgo-italy,Castello Banfi - Il Borgo,Montalcino,Italy,,404,https://media.virtuoso.com/m/Images/Brochures/1690751_2_2_0313.jpg
chateau-daudrieu-france,Chateau d'Audrieu,Audrieu,France,,404,https://media.virtuoso.com/m/Images/Brochures/15484883_2_0_0303.jpg
chateau-de-fonscolombe-france,Chateau de Fonscolombe,Le Puy-Sainte-Réparade,France,,404,https://media.virtuoso.com/m/Images/Brochures/16391577_2_0_0311.jpg
chateau-de-la-barre-france,Chateau de La Barre,Conflans-sur-anille,France,,404,https://media.virtuoso.com/m/Images/Brochures/4521_2_5_0222.jpg
chateau-de-la-chevre-dor-france,Chateau de la Chevre d'Or,Éze,France,,404,https://media.virtuoso.com/m/Images/Brochures/3995_2_0_0311.jpg
chewton-glen-united-kingdom,Chewton Glen,New Milton,United Kingdom,,404,https://media.virtuoso.com/m/Images/Brochures/3958_2_0_0306.jpg
chteau-sainte-sabine-france,Château Sainte Sabine,Sainte-sabine,France,,404,https://media.virtuoso.com/m/Images/Brochures/16398227_2_0_0222.jpg
clinique-la-prairie-switzerland,Clinique La Prairie,Montreux,Switzerland,,404,https://media.virtuoso.com/m/Images/Brochures/15286673_2_0_0305.jpg
cobblers-cove-barbados,Cobblers Cove,Speightstown,Barbados,,404,https://media.virtuoso.com/m/Images/Brochures/4571_2_0_0311.jpg
convento-do-espinheiro-hotel-portugal,Convento do Espinheiro Hotel,Évora,Portugal,,404,https://media.virtuoso.com/m/Images/Brochures/3004_2_69_0225.jpg
coral-sands-bahamas,Coral Sands,Harbour Island,Bahamas,,404,https://media.virtuoso.com/m/Images/Brochures/15887443_2_0_0226.jpg
country-club-lima-hotel-peru,Country Club Lima Hotel,Lima,Peru,,404,https://media.virtuoso.com/m/Images/Brochures/4662_2_8_0314.jpg
cour-des-loges-france,Cour des Loges,Lyon,France,,404,https://media.virtuoso.com/m/Images/Brochures/4165_2_0_0316.jpg
cristalino-lodge-brazil,Cristalino Lodge,Alta Floresta,Brazil,,404,https://media.virtuoso.com/m/Images/Brochures/18331918_2_5_0307.jpg
crossbasket-castle-united-kingdom,Crossbasket Castle,Glasgow,United Kingdom,,404,https://media.virtuoso.com/m/Images/Brochures/15543946_2_0_0224.jpg
culloden-estate-and-spa-united-kingdom,Culloden Estate and Spa,Belfast,United Kingdom,,404,https://media.virtuoso.com/m/Images/Brochures/4195_2_0_0312.jpg
d-maris-bay-turkey,D Maris Bay,Mugla,Turkey,,404,https://media.virtuoso.com/m/Images/Brochures/14654946_2_0_0227.jpg
daios-cove-greece,Daios Cove,Agios Nikolaos,Greece,,404,https://media.virtuoso.com/m/Images/Brochures/16053138_2_74_0227.jpg
dan-tel-aviv-israel,Dan Tel Aviv,Tel Aviv,Israel,,404,https://media.virtuoso.com/m/Images/Brochures/4183_2_0_0309.jpg
dromoland-castle-ireland,Dromoland Castle,County Clare,Ireland,,404,https://media.virtuoso.com/m/Images/Brochures/4666_2_23_0228.jpg
euphoria-retreat-greece,EUPHORIA RETREAT,Mystrás,Greece,,404,https://media.virtuoso.com/m/Images/Brochures/18370828_2_0_0309.jpg
el-encanto-santa-barbara-united-states,"El Encanto, Santa Barbara",Santa Barbara,United States,,404,https://media.virtuoso.com/m/Images/Brochures/12346169_2_0_0223.jpg
ellerman-house-south-africa,Ellerman House,Cape Town,South Africa,,404,https://media.virtuoso.com/m/Images/Brochures/4448_2_0_0314.jpg
elounda-gulf-villas-greece,Elounda Gulf Villas,Elounda,Greece,,404,https://media.virtuoso.com/m/Images/Brochures/4285_2_0_0227.jpg
estancia-vik-jose-ignacio-uruguay,Estancia Vik Jose Ignacio,José Ignacio,Uruguay,,404,https://media.virtuoso.com/m/Images/Brochures/1960811_2_0_0313.jpg
evermore-orlando-resort-united-states,Evermore Orlando Resort,Orlando,United States,,NULL,
excelsior-hotel-ernst-germany,Excelsior Hotel Ernst,Cologne,Germany,,404,https://media.virtuoso.com/m/Images/Brochures/3916_2_0_0228.jpg
fleur-de-loire-france,Fleur de Loire,Blois,France,,404,https://media.virtuoso.com/m/Images/Brochures/18086834_2_0_0309.jpg
fogo-island-inn-canada,Fogo Island Inn,Joe Batt's Arm,Canada,,404,https://media.virtuoso.com/m/Images/Brochures/13979258_2_0_0224.jpg
grand-hotel-fasano-italy,Grand Hotel Fasano,Gardone Riviera,Italy,,404,https://media.virtuoso.com/m/Images/Brochures/16720949_2_0_0311.jpg
grand-hotel-minerva-italy,Grand Hotel Minerva,Florence,Italy,,404,https://media.virtuoso.com/m/Images/Brochures/18052044_2_0_0224.jpg
grand-hotel-principe-di-piemonte-italy,Grand Hotel Principe di Piemonte,Viareggio,Italy,,404,https://media.virtuoso.com/m/Images/Brochures/15979289_2_0_0306.jpg
grand-resort-bad-ragaz-switzerland,Grand Resort Bad Ragaz,Bad Ragaz,Switzerland,,404,https://media.virtuoso.com/m/Images/Brochures/4036_2_0_0312.jpg
great-fosters-united-kingdom,Great Fosters,Egham,United Kingdom,,404,https://media.virtuoso.com/m/Images/Brochures/16625137_2_0_0310.jpg
helvetia-bristol-firenze-italy,Helvetia & Bristol Firenze,Florence,Italy,,404,https://media.virtuoso.com/m/Images/Brochures/16503243_2_0_0313.jpg
herdade-da-malhadinha-nova-portugal,Herdade da Malhadinha Nova,Beja,Portugal,,404,https://media.virtuoso.com/m/Images/Brochures/16699212_2_0_0311.jpg
hotel-bardo-savannah-united-states,Hotel Bardo Savannah,Savannah,United States,,404,https://media.virtuoso.com/m/Images/Brochures/16921412_2_0_0313.jpg
hotel-boutique-casa-colonial-beach-spa-dominican-republic,Hotel Boutique Casa Colonial Beach & Spa,Puerto Plata,Dominican Republic,,404,https://media.virtuoso.com/m/Images/Brochures/4607_2_18_0312.jpg
hotel-byblos-st-tropez-france,Hotel Byblos St. Tropez,St. Tropez,France,,404,https://media.virtuoso.com/m/Images/Brochures/4286_2_0_0312.jpg
hotel-byron-italy,Hotel Byron,Forte Dei Marmi,Italy,,404,https://media.virtuoso.com/m/Images/Brochures/3794_2_0_0311.jpg
hotel-caf-royal-london-united-kingdom,"Hotel Café Royal, London",London,United Kingdom,,404,https://media.virtuoso.com/m/Images/Brochures/15653965_2_0_0306.jpg
hotel-casa-pestagua-colombia,Hotel Casa Pestagua,Cartagena,Colombia,,404,https://media.virtuoso.com/m/Images/Brochures/16930080_2_0_0309.jpg
hotel-chais-monnet-spa-france,Hotel Chais Monnet & Spa,Cognac,France,,404,https://media.virtuoso.com/m/Images/Brochures/15782793_2_1_0306.jpg
hotel-crillon-le-brave-france,Hotel Crillon le Brave,Crillon-le-brave,France,,404,https://media.virtuoso.com/m/Images/Brochures/16393441_2_0_0308.jpg
hotel-danieli-venice-italy,"Hotel Danieli, Venice",Venice,Italy,,404,https://media.virtuoso.com/m/Images/Brochures/6872896_2_0_0314.jpg
hotel-eden-roc-switzerland,Hotel Eden Roc,Ascona,Switzerland,,404,https://media.virtuoso.com/m/Images/Brochures/3828_2_22_0224.jpg
hotel-esencia-mexico,Hotel Esencia,Playa del Carmen,Mexico,,404,https://media.virtuoso.com/m/Images/Brochures/4243_2_0_0309.jpg
hotel-jackson-united-states,Hotel Jackson,Jackson,United States,,404,https://media.virtuoso.com/m/Images/Brochures/16320081_2_0_0312.jpg
hotel-kamp-finland,Hotel Kamp,Helsinki,Finland,,404,https://media.virtuoso.com/m/Images/Brochures/15422578_2_0_0223.jpg
hotel-nassauer-hof-germany,Hotel Nassauer Hof,Wiesbaden,Germany,,404,https://media.virtuoso.com/m/Images/Brochures/18088109_2_0_0304.jpg
hotel-plaza-e-de-russie-italy,Hotel Plaza e de Russie,Viareggio,Italy,,404,https://media.virtuoso.com/m/Images/Brochures/16114549_2_0_0227.jpg
hotel-sanders-denmark,Hotel Sanders,Copenhagen,Denmark,,404,https://media.virtuoso.com/m/Images/Brochures/15816482_2_0_0314.jpg
hotel-splendide-royal-paris-france,Hotel Splendide Royal Paris,Paris,France,,404,https://media.virtuoso.com/m/Images/Brochures/15739301_2_1_0223.jpg
hotel-dinghilterra-starhotels-collezione-italy,"Hotel d'Inghilterra, Starhotels Collezione",Rome,Italy,,404,https://media.virtuoso.com/m/Images/Brochures/18268386_2_5_0312.jpg
hotel-de-paris-monte-carlo-monaco,Hotel de Paris Monte-Carlo,Monte-Carlo,Monaco,,404,https://media.virtuoso.com/m/Images/Brochures/3852_2_0_0319.jpg
house-of-jasmines-argentina,House of Jasmines,Salta,Argentina,,404,https://media.virtuoso.com/m/Images/Brochures/9980131_2_0_0224.jpg
htel-de-paris-saint-tropez-france,Hôtel de Paris Saint-Tropez,St. Tropez,France,,404,https://media.virtuoso.com/m/Images/Brochures/16393428_2_0_0307.jpg
il-san-corrado-di-noto-italy,Il San Corrado di Noto,Noto,Italy,,404,https://media.virtuoso.com/m/Images/Brochures/18074651_2_0_0311.jpg
il-san-pietro-di-positano-italy,Il San Pietro di Positano,Positano,Italy,,404,https://media.virtuoso.com/m/Images/Brochures/4454_2_0_0311.jpg
inn-by-the-sea-united-states,Inn by the Sea,Cape Elizabeth,United States,,404,https://media.virtuoso.com/m/Images/Brochures/66253_2_0_0312.jpg
joali-being-maldives,JOALI BEING,Malé,Maldives,,404,https://media.virtuoso.com/m/Images/Brochures/16255745_2_0_0224.jpg
jackalope-hotel-australia,Jackalope Hotel,Melbourne,Australia,,404,https://media.virtuoso.com/m/Images/Brochures/15632458_2_0_0222.jpg
jade-mountain-saint-lucia,Jade Mountain,Soufrière,Saint Lucia,,404,https://media.virtuoso.com/m/Images/Brochures/6105250_2_0_0313.jpg
kamalaya-koh-samui-thailand,Kamalaya Koh Samui,"Koh Samui, Surat Thani",Thailand,,404,https://media.virtuoso.com/m/Images/Brochures/16404535_2_0_0301.jpg
katikies-garden-greece,Katikies Garden,Santorini,Greece,,404,https://media.virtuoso.com/m/Images/Brochures/16702533_2_0_0311.jpg
keswick-hall-united-states,Keswick Hall,Keswick,United States,,404,https://media.virtuoso.com/m/Images/Brochures/3966_2_16_0316.jpg
king-david-jerusalem-israel,King David Jerusalem,Jerusalem,Israel,,404,https://media.virtuoso.com/m/Images/Brochures/6889238_2_0_0314.jpg
kinsterna-hotel-greece,Kinsterna Hotel,Monemvasía,Greece,,404,https://media.virtuoso.com/m/Images/Brochures/18340014_2_0_0301.jpg
kisawa-sanctuary-mozambique,Kisawa Sanctuary,Vilanculos,Mozambique,,404,https://media.virtuoso.com/m/Images/Brochures/16477754_2_0_0305.jpg
kulm-hotel-st-moritz-switzerland,Kulm Hotel St. Moritz,St. Moritz,Switzerland,,404,https://media.virtuoso.com/m/Images/Brochures/15551970_2_0_0313.jpg
lauberge-de-sedona-united-states,L'Auberge de Sedona,Sedona,United States,,404,https://media.virtuoso.com/m/Images/Brochures/4256_2_33_0316.jpg
la-bouitte-france,La Bouitte,Saint-Martin-de-Belleville,France,,404,https://media.virtuoso.com/m/Images/Brochures/15801636_2_0_0224.jpg
la-corte-dei-papi-italy,La Corte Dei Papi,Cortona,Italy,,404,https://media.virtuoso.com/m/Images/Brochures/16199719_2_0_0301.jpg
la-fiermontina-luxury-home-italy,La Fiermontina Luxury Home,Lecce,Italy,,404,https://media.virtuoso.com/m/Images/Brochures/18385738_2_0_0316.jpg
la-meridiana-relais-chateaux-italy,La Meridiana Relais & Chateaux,Garlenda,Italy,,404,https://media.virtuoso.com/m/Images/Brochures/15457469_2_0_0310.jpg
la-posta-vecchia-hotel-italy,La Posta Vecchia Hotel,Rome,Italy,,404,https://media.virtuoso.com/m/Images/Brochures/3967_2_0_0313.jpg
la-sultana-oualidia-morocco,La Sultana Oualidia,Oualidia,Morocco,,404,https://media.virtuoso.com/m/Images/Brochures/18103396_2_20_0301.jpg
ladera-resort-saint-lucia,Ladera Resort,Soufrière,Saint Lucia,,404,https://media.virtuoso.com/m/Images/Brochures/4130_2_6_0312.jpg
lake-placid-lodge-united-states,Lake Placid Lodge,Lake Placid,United States,,NULL,
le-couvent-des-minimes-un-hotel-spa-loccitane-en-provence-france,Le Couvent des Minimes un Hotel & SPA L’Occitane en Provence,Mane,France,,404,https://media.virtuoso.com/m/Images/Brochures/4457_2_0_0311.jpg
le-domaine-du-mas-de-pierre-france,Le Domaine du Mas de Pierre,Saint Paul de Vence,France,,404,https://media.virtuoso.com/m/Images/Brochures/16585530_2_0_0310.jpg
lesante-cape-greece,Lesante Cape,Zakynthos,Greece,,404,https://media.virtuoso.com/m/Images/Brochures/17901845_2_0_0224.jpg
live-aqua-san-miguel-de-allende-mexico,Live Aqua San Miguel de Allende,San Miguel de Allende,Mexico,,404,https://media.virtuoso.com/m/Images/Brochures/16326634_2_0_0307.jpg
llao-llao-resort-golf-spa-argentina,"Llao Llao Resort, Golf & Spa",Bariloche,Argentina,,404,https://media.virtuoso.com/m/Images/Brochures/4002_2_0_0306.jpg
los-cauquenes-resort-spa-experiences-argentina,Los Cauquenes Resort + Spa + Experiences,Ushuaia,Argentina,,404,https://media.virtuoso.com/m/Images/Brochures/6879105_2_0_0314.jpg
manna-greece,MANNA,Magouliana,Greece,,404,https://media.virtuoso.com/m/Images/Brochures/18048737_2_0_0311.jpg
macakizi-turkey,Macakizi,Bodrum,Turkey,,404,https://media.virtuoso.com/m/Images/Brochures/16174690_2_17_0311.jpg
manoir-hovey-canada,Manoir Hovey,North Hatley,Canada,,404,https://media.virtuoso.com/m/Images/Brochures/12091209_2_0_0301.jpg
marina-bay-sands-singapore,Marina Bay Sands,Singapore,Singapore,,NULL,
mashpi-lodge-ecuador,Mashpi Lodge,Quito,Ecuador,,404,https://media.virtuoso.com/m/Images/Brochures/12041365_2_0_0310.jpg
masseria-san-domenico-italy,Masseria San Domenico,Savelletri Di Fasano,Italy,,404,https://media.virtuoso.com/m/Images/Brochures/3976_2_25_0311.jpg
meadowood-napa-valley-united-states,Meadowood Napa Valley,Napa,United States,,404,https://media.virtuoso.com/m/Images/Brochures/3780_2_2_0228.jpg
motu-nao-nao-french-polynesia,Motu Nao Nao,Tumaraa,French Polynesia,,404,https://media.virtuoso.com/m/Images/Brochures/16692369_2_0_0226.jpg
mykonos-grand-hotel-resort-greece,Mykonos Grand Hotel & Resort,Mykonos,Greece,,404,https://media.virtuoso.com/m/Images/Brochures/15883196_2_0_0226.jpg
nos-santorini-greece,NOŪS Santorini,Santorini,Greece,,404,https://media.virtuoso.com/m/Images/Brochures/16571538_2_64_0307.jpg
nimb-denmark,Nimb,Copenhagen,Denmark,,404,https://media.virtuoso.com/m/Images/Brochures/4374_2_0_0310.jpg
o2-beach-club-spa-barbados,O2 Beach Club & Spa,Christ Church,Barbados,,404,https://media.virtuoso.com/m/Images/Brochures/16930957_2_0_0310.jpg
ocean-house-united-states,Ocean House,Watch Hill,United States,,404,https://media.virtuoso.com/m/Images/Brochures/6160153_2_0_0318.jpg
ojai-valley-inn-united-states,Ojai Valley Inn,Ojai,United States,,404,https://media.virtuoso.com/m/Images/Brochures/4488_2_0_0311.jpg
olissippo-lapa-palace-portugal,Olissippo Lapa Palace,Lisbon,Portugal,,404,https://media.virtuoso.com/m/Images/Brochures/4263_2_0_0309.jpg
our-habitas-bacalar-mexico,Our Habitas Bacalar,Bacalar,Mexico,,404,https://media.virtuoso.com/m/Images/Brochures/16585527_2_0_0310.jpg
palais-coburg-residenz-austria,Palais Coburg Residenz,Vienna,Austria,,404,https://media.virtuoso.com/m/Images/Brochures/15552848_2_0_0309.jpg
palazzo-avino-italy,Palazzo Avino,Ravello,Italy,,404,https://media.virtuoso.com/m/Images/Brochures/4312_2_47_0310.jpg
palazzo-fiuggi-italy,Palazzo Fiuggi,Fiuggi,Italy,,404,https://media.virtuoso.com/m/Images/Brochures/16383205_2_2_0221.jpg
palazzo-seneca-italy,Palazzo Seneca,Norcia,Italy,,404,https://media.virtuoso.com/m/Images/Brochures/11649134_2_0_0222.jpg
palazzo-venart-luxury-hotel-italy,Palazzo Venart Luxury Hotel,Venice,Italy,,404,https://media.virtuoso.com/m/Images/Brochures/16752131_2_0_0314.jpg
paradero-todos-santos-mexico,Paradero Todos Santos,El Pescadero,Mexico,,404,https://media.virtuoso.com/m/Images/Brochures/18048733_2_0_0309.jpg
parador-of-santiago-de-compostela-spain,Parador of Santiago de Compostela,Santiago De Compostela,Spain,,404,https://media.virtuoso.com/m/Images/Brochures/213011_2_0_0312.jpg
passalacqua-italy,Passalacqua,Como,Italy,,404,https://media.virtuoso.com/m/Images/Brochures/16360291_2_0_0224.jpg
petra-segreta-resort-spa-italy,Petra Segreta Resort & Spa,"San Pantaleo, Sardinia, Italy",Italy,,404,https://media.virtuoso.com/m/Images/Brochures/18231287_2_0_0326.jpg
porto-zante-villas-spa-greece,Porto Zante Villas & Spa,Zakynthos,Greece,,404,https://media.virtuoso.com/m/Images/Brochures/15634696_2_0_0306.jpg
principe-forte-dei-marmi-italy,Principe Forte dei Marmi,Forte Dei Marmi,Italy,,404,https://media.virtuoso.com/m/Images/Brochures/15450335_2_0_0310.jpg
rakxa-integrative-wellness-thailand,RAKxa Integrative Wellness,Phra Pradaeng,Thailand,,404,https://media.virtuoso.com/m/Images/Brochures/16641081_2_0_0311.jpg
rancho-santana-nicaragua,Rancho Santana,Popoyo,Nicaragua,,404,https://media.virtuoso.com/m/Images/Brochures/18074760_2_1_0301.jpg
relais-roncolo-1888-italy,Relais Roncolo 1888,Quattro Castella,Italy,,404,https://media.virtuoso.com/m/Images/Brochures/18374927_2_0_0318.jpg
ritz-paris-france,Ritz Paris,Paris,France,,404,https://media.virtuoso.com/m/Images/Brochures/3805_2_0_0228.jpg
rockresorts-the-arrabelle-at-vail-square-united-states,RockResorts - The Arrabelle at Vail Square,Vail,United States,,404,https://media.virtuoso.com/m/Images/Brochures/4395_2_0_0311.jpg
romeo-hotel-italy,Romeo hotel,Naples,Italy,,404,https://media.virtuoso.com/m/Images/Brochures/848462_2_0_0312.jpg
rosapetra-spa-resort-italy,Rosapetra Spa Resort,Cortina D'ampezzo,Italy,,404,https://media.virtuoso.com/m/Images/Brochures/18273695_2_0_0309.jpg
rosselli-ax-privilege-malta,Rosselli AX Privilege,Valletta,Malta,,404,https://media.virtuoso.com/m/Images/Brochures/18089362_2_0_0309.jpg
san-canzian-hotel-residences-croatia,San Canzian Hotel & Residences,Buje,Croatia,,404,https://media.virtuoso.com/m/Images/Brochures/16930093_2_0_0224.jpg
san-ysidro-ranch-united-states,San Ysidro Ranch,Santa Barbara,United States,,404,https://media.virtuoso.com/m/Images/Brochures/4180_2_0_0309.jpg
sani-asterias-at-sani-resort-greece,Sani Asterias at Sani Resort,Kassándra,Greece,,404,https://media.virtuoso.com/m/Images/Brochures/15573350_2_0_0224.jpg
santa-monica-proper-united-states,Santa Monica Proper,Santa Monica,United States,,404,https://media.virtuoso.com/m/Images/Brochures/16907107_2_0_0225.jpg
saxon-hotel-villas-spa-south-africa,"Saxon Hotel, Villas & Spa",Johannesburg,South Africa,,404,https://media.virtuoso.com/m/Images/Brochures/4562_2_0_0311.jpg
selman-marrakech-morocco,Selman Marrakech,Marrakech,Morocco,,404,https://media.virtuoso.com/m/Images/Brochures/16383241_2_5_0312.jpg
sommerro-norway,Sommerro,Oslo,Norway,,404,https://media.virtuoso.com/m/Images/Brochures/16780947_2_0_0315.jpg
songtsam-linka-retreat-lhasa-china,Songtsam Linka Retreat Lhasa,"Lhasa, Tibet",China,,404,https://media.virtuoso.com/m/Images/Brochures/16429645_2_0_0226.jpg
sonora-resort-canada-canada,Sonora Resort Canada,Sonora Island,Canada,,404,https://media.virtuoso.com/m/Images/Brochures/5597880_2_0_0315.jpg
southall-farm-inn-united-states,Southall Farm & Inn,Franklin,United States,,404,https://media.virtuoso.com/m/Images/Brochures/16707492_2_18_0305.jpg
spicers-peak-lodge-australia,Spicers Peak Lodge,Maryvale,Australia,,404,https://media.virtuoso.com/m/Images/Brochures/16389589_2_1_0221.jpg
st-nicolas-bay-resort-hotel-villas-greece,St. Nicolas Bay Resort Hotel & Villas,Agios Nikolaos,Greece,,404,https://media.virtuoso.com/m/Images/Brochures/16767574_2_0_0314.jpg
steigenberger-icon-frankfurter-hof-germany,Steigenberger Icon Frankfurter Hof,Frankfurt am Main,Germany,,404,https://media.virtuoso.com/m/Images/Brochures/16393424_2_0_0305.jpg
steigenberger-icon-wiltchers-belgium,Steigenberger Icon Wiltcher's,Brussels,Belgium,,404,https://media.virtuoso.com/m/Images/Brochures/15658702_2_17_0307.jpg
sundance-mountain-resort-united-states,Sundance Mountain Resort,Provo,United States,,404,https://media.virtuoso.com/m/Images/Brochures/4296_2_0_0310.jpg
sur-mesure-private-homes-france,Sur-Mesure Private Homes,Andilly,France,,404,https://media.virtuoso.com/m/Images/Brochures/18333788_2_0_0318.jpg
terre-blanche-htel-spa-golf-resort-france,Terre Blanche Hôtel Spa Golf Resort,Tourrettes,France,,404,https://media.virtuoso.com/m/Images/Brochures/3871_2_0_0304.jpg
the-amauris-vienna-austria,The Amauris Vienna,Vienna,Austria,,404,https://media.virtuoso.com/m/Images/Brochures/18052948_2_0_0315.jpg
the-artist-grand-hotel-of-art-spain,The Artist Grand Hotel of Art,Bilbao,Spain,,404,https://media.virtuoso.com/m/Images/Brochures/6946547_2_16_0314.jpg
the-calile-brisbane-australia,The Calile Brisbane,Fortitude Valley,Australia,,404,https://media.virtuoso.com/m/Images/Brochures/17906048_2_0_0223.jpg
the-charleston-place-united-states,The Charleston Place,Charleston,United States,,404,https://media.virtuoso.com/m/Images/Brochures/3398_2_11_0227.jpg
the-europe-hotel-resort-ireland,The Europe Hotel & Resort,Killarney,Ireland,,404,https://media.virtuoso.com/m/Images/Brochures/16503239_2_0_0302.jpg
the-grand-york-united-kingdom,"The Grand, York",York,United Kingdom,,404,https://media.virtuoso.com/m/Images/Brochures/16021349_2_4_0226.jpg
the-greenwich-hotel-united-states,The Greenwich Hotel,New York City,United States,,404,https://media.virtuoso.com/m/Images/Brochures/6606584_2_4_0314.jpg
the-hay-adams-united-states,The Hay-Adams,Washington,United States,,404,https://media.virtuoso.com/m/Images/Brochures/4599_2_0_0312.jpg
the-hazelton-hotel-canada,The Hazelton Hotel,Toronto,Canada,,404,https://media.virtuoso.com/m/Images/Brochures/3964_2_0_0316.jpg
the-hermitage-hotel-nashville-united-states,The Hermitage Hotel Nashville,Nashville,United States,,404,https://media.virtuoso.com/m/Images/Brochures/3736_2_7_0227.jpg
the-huntington-hotel-a-virtuoso-preview-property-united-states,The Huntington Hotel - A Virtuoso Preview Property,San Francisco,United States,,404,https://media.virtuoso.com/m/Images/Brochures/18222634_2_0_0221.jpg
the-imperial-new-delhi-india,The Imperial New Delhi,New Delhi,India,,404,https://media.virtuoso.com/m/Images/Brochures/4218_2_0_0301.jpg
the-inns-of-aurora-united-states,The Inns of Aurora,Aurora,United States,,404,https://media.virtuoso.com/m/Images/Brochures/16393432_2_66_0221.jpg
the-k-club-ireland,The K Club,Kildare,Ireland,,404,https://media.virtuoso.com/m/Images/Brochures/3793_2_0_0228.jpg
the-largo-portugal,The Largo,Porto,Portugal,,404,https://media.virtuoso.com/m/Images/Brochures/18382401_2_0_0326.jpg
the-leela-palace-udaipur-india,The Leela Palace Udaipur,Udaipur,India,,404,https://media.virtuoso.com/m/Images/Brochures/14158257_2_0_0307.jpg
the-lodge-at-torrey-pines-united-states,The Lodge at Torrey Pines,San Diego,United States,,404,https://media.virtuoso.com/m/Images/Brochures/4376_2_0_0302.jpg
the-lowell-united-states,The Lowell,New York City,United States,,404,https://media.virtuoso.com/m/Images/Brochures/4083_2_115_0312.jpg
the-nautilus-maldives-maldives,The Nautilus Maldives,Thiladhoo,Maldives,,404,https://media.virtuoso.com/m/Images/Brochures/16377194_2_0_0304.jpg
the-one-monumental-palace-portugal,The One Monumental Palace,Porto,Portugal,,404,https://media.virtuoso.com/m/Images/Brochures/16508161_2_0_0308.jpg
the-palms-turks-caicos-turks-and-caicos-islands,The Palms Turks & Caicos,Providenciales,Turks And Caicos Islands,,404,https://media.virtuoso.com/m/Images/Brochures/12038111_2_0_0310.jpg
the-phoenicia-malta-malta,The Phoenicia Malta,Floriana,Malta,,404,https://media.virtuoso.com/m/Images/Brochures/16579930_2_0_0310.jpg
the-puli-shanghai-china,The PuLi Shanghai,Shanghai,China,,404,https://media.virtuoso.com/m/Images/Brochures/5601896_2_2_0313.jpg
the-reef-at-atlantis-bahamas,The Reef at Atlantis,Nassau,Bahamas,,404,https://media.virtuoso.com/m/Images/Brochures/4631_2_0_0308.jpg
the-royal-crescent-hotel-spa-united-kingdom,The Royal Crescent Hotel & Spa,Bath,United Kingdom,,404,https://media.virtuoso.com/m/Images/Brochures/15366860_2_53_0319.jpg
the-samling-hotel-united-kingdom,The Samling Hotel,Windermere,United Kingdom,,404,https://media.virtuoso.com/m/Images/Brochures/16118033_2_0_0228.jpg
the-stafford-london-united-kingdom,The Stafford London,London,United Kingdom,,404,https://media.virtuoso.com/m/Images/Brochures/3836_2_0_0318.jpg
the-tides-inn-united-states,The Tides Inn,Irvington,United States,,404,https://media.virtuoso.com/m/Images/Brochures/18375306_2_0_0312.jpg
tierra-atacama-chile,Tierra Atacama,San Pedro de Atacama,Chile,,404,https://media.virtuoso.com/m/Images/Brochures/15394797_2_34_0305.jpg
tortuga-bay-puntacana-dominican-republic,Tortuga Bay Puntacana,Punta Cana,Dominican Republic,,404,https://media.virtuoso.com/m/Images/Brochures/4013_2_0_0306.jpg
twin-farms-united-states,Twin Farms,Barnard,United States,,404,https://media.virtuoso.com/m/Images/Brochures/4468_2_0_0311.jpg
txai-resort-itacare-brazil,Txai Resort Itacare,Itacaré,Brazil,,404,https://media.virtuoso.com/m/Images/Brochures/15262377_2_0_0308.jpg
vermelho-melides-portugal,Vermelho Melides,Melides,Portugal,,404,https://media.virtuoso.com/m/Images/Brochures/18048740_2_0_0228.jpg
villa-dubrovnik-croatia,Villa Dubrovnik,Dubrovnik,Croatia,,404,https://media.virtuoso.com/m/Images/Brochures/6616859_2_0_0316.jpg
villa-eden-the-private-retreat-italy,Villa Eden - The Private Retreat,Merano,Italy,,404,https://media.virtuoso.com/m/Images/Brochures/16780967_2_0_0315.jpg
villa-franca-positano-italy,Villa Franca Positano,Positano,Italy,,404,https://media.virtuoso.com/m/Images/Brochures/16369140_2_0_0312.jpg
villa-gallici-france,Villa Gallici,Aix-en-Provence,France,,404,https://media.virtuoso.com/m/Images/Brochures/3914_2_0_0306.jpg
villa-korta-katarina-croatia,Villa Korta Katarina,Orebic,Croatia,,404,https://media.virtuoso.com/m/Images/Brochures/16218438_2_0_0303.jpg
villa-maria-cristina-mexico,Villa Maria Cristina,Guanajuato,Mexico,,404,https://media.virtuoso.com/m/Images/Brochures/5782331_2_0_0313.jpg
villa-marina-capri-italy,Villa Marina Capri,Capri,Italy,,404,https://media.virtuoso.com/m/Images/Brochures/18385788_2_0_0326.jpg
villa-nai-33-croatia,Villa Nai 3.3,Žman,Croatia,,404,https://media.virtuoso.com/m/Images/Brochures/16692338_2_0_0223.jpg
villa-principe-leopoldo-switzerland,Villa Principe Leopoldo,Lugano,Switzerland,,404,https://media.virtuoso.com/m/Images/Brochures/4491_2_0_0311.jpg
villa-roma-imperiale-italy,Villa Roma Imperiale,Forte Dei Marmi,Italy,,404,https://media.virtuoso.com/m/Images/Brochures/4421_2_2_0311.jpg
villa-e-palazzo-aminta-italy,Villa e Palazzo Aminta,Stresa,Italy,,404,https://media.virtuoso.com/m/Images/Brochures/3905_2_1_0313.jpg
wakaya-private-island-resort-fiji,Wakaya Private Island Resort,Wakaya Island,Fiji,,404,https://media.virtuoso.com/m/Images/Brochures/3893_2_0_0301.jpg
wharekauhau-country-estate-new-zealand,Wharekauhau Country Estate,Featherston,New Zealand,,404,https://media.virtuoso.com/m/Images/Brochures/4105_2_0_0311.jpg
widder-hotel-switzerland,Widder Hotel,Zurich,Switzerland,,404,https://media.virtuoso.com/m/Images/Brochures/3954_2_0_0306.jpg
winvian-farm-united-states,Winvian Farm,Morris,United States,,404,https://media.virtuoso.com/m/Images/Brochures/955118_2_11_0312.jpg
qualia-great-barrier-reef-australia,"qualia, Great Barrier Reef",Whitsundays,Australia,,404,https://media.virtuoso.com/m/Images/Brochures/3734_2_8_0227.jpg
